timestamp,srcip,dstip,sport,dsport,proto,length
1747810175.548981,f18cc54ef8a3ba4c2a230deb4df7782b15022cb5cccbaa93f8b524910986476e,86ebea5b4140c737cc826205956a0f627d9a9f3dec0521105186460dde600773,54922,443,TCP,425
1747810175.549855,f18cc54ef8a3ba4c2a230deb4df7782b15022cb5cccbaa93f8b524910986476e,86ebea5b4140c737cc826205956a0f627d9a9f3dec0521105186460dde600773,54922,443,TCP,97
1747810175.594151,f18cc54ef8a3ba4c2a230deb4df7782b15022cb5cccbaa93f8b524910986476e,b3ecac3c9c0611a1eaf507cb30bb0903d63060981c3a0f3e8982dc950464a79e,48704,443,TCP,66
1747810175.60307,86ebea5b4140c737cc826205956a0f627d9a9f3dec0521105186460dde600773,f18cc54ef8a3ba4c2a230deb4df7782b15022cb5cccbaa93f8b524910986476e,443,54922,TCP,66
1747810175.60307,86ebea5b4140c737cc826205956a0f627d9a9f3dec0521105186460dde600773,f18cc54ef8a3ba4c2a230deb4df7782b15022cb5cccbaa93f8b524910986476e,443,54922,TCP,66
1747810175.891629,b3ecac3c9c0611a1eaf507cb30bb0903d63060981c3a0f3e8982dc950464a79e,f18cc54ef8a3ba4c2a230deb4df7782b15022cb5cccbaa93f8b524910986476e,443,48704,TCP,66
1747810175.992493,86ebea5b4140c737cc826205956a0f627d9a9f3dec0521105186460dde600773,f18cc54ef8a3ba4c2a230deb4df7782b15022cb5cccbaa93f8b524910986476e,443,54922,TCP,147
1747810175.992515,f18cc54ef8a3ba4c2a230deb4df7782b15022cb5cccbaa93f8b524910986476e,86ebea5b4140c737cc826205956a0f627d9a9f3dec0521105186460dde600773,54922,443,TCP,66
1747810180.549264,f18cc54ef8a3ba4c2a230deb4df7782b15022cb5cccbaa93f8b524910986476e,86ebea5b4140c737cc826205956a0f627d9a9f3dec0521105186460dde600773,54922,443,TCP,425
1747810180.549937,f18cc54ef8a3ba4c2a230deb4df7782b15022cb5cccbaa93f8b524910986476e,86ebea5b4140c737cc826205956a0f627d9a9f3dec0521105186460dde600773,54922,443,TCP,97
1747810180.599571,86ebea5b4140c737cc826205956a0f627d9a9f3dec0521105186460dde600773,f18cc54ef8a3ba4c2a230deb4df7782b15022cb5cccbaa93f8b524910986476e,443,54922,TCP,66
1747810180.599571,86ebea5b4140c737cc826205956a0f627d9a9f3dec0521105186460dde600773,f18cc54ef8a3ba4c2a230deb4df7782b15022cb5cccbaa93f8b524910986476e,443,54922,TCP,66
1747810180.599615,86ebea5b4140c737cc826205956a0f627d9a9f3dec0521105186460dde600773,f18cc54ef8a3ba4c2a230deb4df7782b15022cb5cccbaa93f8b524910986476e,443,54922,TCP,101
1747810180.599615,86ebea5b4140c737cc826205956a0f627d9a9f3dec0521105186460dde600773,f18cc54ef8a3ba4c2a230deb4df7782b15022cb5cccbaa93f8b524910986476e,443,54922,TCP,101
1747810180.599629,f18cc54ef8a3ba4c2a230deb4df7782b15022cb5cccbaa93f8b524910986476e,86ebea5b4140c737cc826205956a0f627d9a9f3dec0521105186460dde600773,54922,443,TCP,66
1747810180.599639,f18cc54ef8a3ba4c2a230deb4df7782b15022cb5cccbaa93f8b524910986476e,86ebea5b4140c737cc826205956a0f627d9a9f3dec0521105186460dde600773,54922,443,TCP,66
1747810180.927475,86ebea5b4140c737cc826205956a0f627d9a9f3dec0521105186460dde600773,f18cc54ef8a3ba4c2a230deb4df7782b15022cb5cccbaa93f8b524910986476e,443,54922,TCP,147
1747810180.927504,f18cc54ef8a3ba4c2a230deb4df7782b15022cb5cccbaa93f8b524910986476e,86ebea5b4140c737cc826205956a0f627d9a9f3dec0521105186460dde600773,54922,443,TCP,66
1747810185.409492,f18cc54ef8a3ba4c2a230deb4df7782b15022cb5cccbaa93f8b524910986476e,8213589b6a396c01883967ef6e9259f874e6e04294b7745e948bdccd81bd5834,47422,53,UDP,74
1747810185.452245,8213589b6a396c01883967ef6e9259f874e6e04294b7745e948bdccd81bd5834,f18cc54ef8a3ba4c2a230deb4df7782b15022cb5cccbaa93f8b524910986476e,53,47422,UDP,249
1747810185.452343,f18cc54ef8a3ba4c2a230deb4df7782b15022cb5cccbaa93f8b524910986476e,8213589b6a396c01883967ef6e9259f874e6e04294b7745e948bdccd81bd5834,47422,53,UDP,74
1747810185.45391,8213589b6a396c01883967ef6e9259f874e6e04294b7745e948bdccd81bd5834,f18cc54ef8a3ba4c2a230deb4df7782b15022cb5cccbaa93f8b524910986476e,53,47422,UDP,139
1747810185.45431,f18cc54ef8a3ba4c2a230deb4df7782b15022cb5cccbaa93f8b524910986476e,2af8203eff659205a2dbee23e32f15460426fa1054ebaf6f2a8e5dcad1ea0ee7,42028,443,TCP,74
1747810185.548961,f18cc54ef8a3ba4c2a230deb4df7782b15022cb5cccbaa93f8b524910986476e,86ebea5b4140c737cc826205956a0f627d9a9f3dec0521105186460dde600773,54922,443,TCP,426
1747810185.549489,f18cc54ef8a3ba4c2a230deb4df7782b15022cb5cccbaa93f8b524910986476e,86ebea5b4140c737cc826205956a0f627d9a9f3dec0521105186460dde600773,54922,443,TCP,97
1747810185.620741,86ebea5b4140c737cc826205956a0f627d9a9f3dec0521105186460dde600773,f18cc54ef8a3ba4c2a230deb4df7782b15022cb5cccbaa93f8b524910986476e,443,54922,TCP,66
1747810185.702473,2af8203eff659205a2dbee23e32f15460426fa1054ebaf6f2a8e5dcad1ea0ee7,f18cc54ef8a3ba4c2a230deb4df7782b15022cb5cccbaa93f8b524910986476e,443,42028,TCP,74
1747810185.702504,f18cc54ef8a3ba4c2a230deb4df7782b15022cb5cccbaa93f8b524910986476e,2af8203eff659205a2dbee23e32f15460426fa1054ebaf6f2a8e5dcad1ea0ee7,42028,443,TCP,66
1747810185.702821,f18cc54ef8a3ba4c2a230deb4df7782b15022cb5cccbaa93f8b524910986476e,2af8203eff659205a2dbee23e32f15460426fa1054ebaf6f2a8e5dcad1ea0ee7,42028,443,TCP,583
1747810185.943772,86ebea5b4140c737cc826205956a0f627d9a9f3dec0521105186460dde600773,f18cc54ef8a3ba4c2a230deb4df7782b15022cb5cccbaa93f8b524910986476e,443,54922,TCP,147
1747810185.943799,f18cc54ef8a3ba4c2a230deb4df7782b15022cb5cccbaa93f8b524910986476e,86ebea5b4140c737cc826205956a0f627d9a9f3dec0521105186460dde600773,54922,443,TCP,66
1747810185.952389,2af8203eff659205a2dbee23e32f15460426fa1054ebaf6f2a8e5dcad1ea0ee7,f18cc54ef8a3ba4c2a230deb4df7782b15022cb5cccbaa93f8b524910986476e,443,42028,TCP,66
1747810185.95289,2af8203eff659205a2dbee23e32f15460426fa1054ebaf6f2a8e5dcad1ea0ee7,f18cc54ef8a3ba4c2a230deb4df7782b15022cb5cccbaa93f8b524910986476e,443,42028,TCP,1514
1747810185.952903,f18cc54ef8a3ba4c2a230deb4df7782b15022cb5cccbaa93f8b524910986476e,2af8203eff659205a2dbee23e32f15460426fa1054ebaf6f2a8e5dcad1ea0ee7,42028,443,TCP,66
1747810185.953536,2af8203eff659205a2dbee23e32f15460426fa1054ebaf6f2a8e5dcad1ea0ee7,f18cc54ef8a3ba4c2a230deb4df7782b15022cb5cccbaa93f8b524910986476e,443,42028,TCP,1514
1747810185.95355,f18cc54ef8a3ba4c2a230deb4df7782b15022cb5cccbaa93f8b524910986476e,2af8203eff659205a2dbee23e32f15460426fa1054ebaf6f2a8e5dcad1ea0ee7,42028,443,TCP,66
1747810185.954998,2af8203eff659205a2dbee23e32f15460426fa1054ebaf6f2a8e5dcad1ea0ee7,f18cc54ef8a3ba4c2a230deb4df7782b15022cb5cccbaa93f8b524910986476e,443,42028,TCP,1553
1747810185.955006,f18cc54ef8a3ba4c2a230deb4df7782b15022cb5cccbaa93f8b524910986476e,2af8203eff659205a2dbee23e32f15460426fa1054ebaf6f2a8e5dcad1ea0ee7,42028,443,TCP,66
1747810185.956218,f18cc54ef8a3ba4c2a230deb4df7782b15022cb5cccbaa93f8b524910986476e,2af8203eff659205a2dbee23e32f15460426fa1054ebaf6f2a8e5dcad1ea0ee7,42028,443,TCP,1392
1747810186.296002,2af8203eff659205a2dbee23e32f15460426fa1054ebaf6f2a8e5dcad1ea0ee7,f18cc54ef8a3ba4c2a230deb4df7782b15022cb5cccbaa93f8b524910986476e,443,42028,TCP,66
1747810186.296002,2af8203eff659205a2dbee23e32f15460426fa1054ebaf6f2a8e5dcad1ea0ee7,f18cc54ef8a3ba4c2a230deb4df7782b15022cb5cccbaa93f8b524910986476e,443,42028,TCP,245
1747810186.296031,f18cc54ef8a3ba4c2a230deb4df7782b15022cb5cccbaa93f8b524910986476e,2af8203eff659205a2dbee23e32f15460426fa1054ebaf6f2a8e5dcad1ea0ee7,42028,443,TCP,143
1747810186.336536,f18cc54ef8a3ba4c2a230deb4df7782b15022cb5cccbaa93f8b524910986476e,2af8203eff659205a2dbee23e32f15460426fa1054ebaf6f2a8e5dcad1ea0ee7,42028,443,TCP,66
1747810186.601606,2af8203eff659205a2dbee23e32f15460426fa1054ebaf6f2a8e5dcad1ea0ee7,f18cc54ef8a3ba4c2a230deb4df7782b15022cb5cccbaa93f8b524910986476e,443,42028,TCP,463
1747810186.601626,f18cc54ef8a3ba4c2a230deb4df7782b15022cb5cccbaa93f8b524910986476e,2af8203eff659205a2dbee23e32f15460426fa1054ebaf6f2a8e5dcad1ea0ee7,42028,443,TCP,66
1747810186.601978,2af8203eff659205a2dbee23e32f15460426fa1054ebaf6f2a8e5dcad1ea0ee7,f18cc54ef8a3ba4c2a230deb4df7782b15022cb5cccbaa93f8b524910986476e,443,42028,TCP,66
1747810186.602346,f18cc54ef8a3ba4c2a230deb4df7782b15022cb5cccbaa93f8b524910986476e,2af8203eff659205a2dbee23e32f15460426fa1054ebaf6f2a8e5dcad1ea0ee7,42028,443,TCP,90
1747810186.603099,f18cc54ef8a3ba4c2a230deb4df7782b15022cb5cccbaa93f8b524910986476e,2af8203eff659205a2dbee23e32f15460426fa1054ebaf6f2a8e5dcad1ea0ee7,42028,443,TCP,66
1747810186.851227,2af8203eff659205a2dbee23e32f15460426fa1054ebaf6f2a8e5dcad1ea0ee7,f18cc54ef8a3ba4c2a230deb4df7782b15022cb5cccbaa93f8b524910986476e,443,42028,TCP,66
1747810187.644442,f18cc54ef8a3ba4c2a230deb4df7782b15022cb5cccbaa93f8b524910986476e,8213589b6a396c01883967ef6e9259f874e6e04294b7745e948bdccd81bd5834,36675,53,UDP,74
1747810187.644454,f18cc54ef8a3ba4c2a230deb4df7782b15022cb5cccbaa93f8b524910986476e,8213589b6a396c01883967ef6e9259f874e6e04294b7745e948bdccd81bd5834,36675,53,UDP,74
1747810187.646082,8213589b6a396c01883967ef6e9259f874e6e04294b7745e948bdccd81bd5834,f18cc54ef8a3ba4c2a230deb4df7782b15022cb5cccbaa93f8b524910986476e,53,36675,UDP,267
1747810187.646363,8213589b6a396c01883967ef6e9259f874e6e04294b7745e948bdccd81bd5834,f18cc54ef8a3ba4c2a230deb4df7782b15022cb5cccbaa93f8b524910986476e,53,36675,UDP,139
1747810187.652907,f18cc54ef8a3ba4c2a230deb4df7782b15022cb5cccbaa93f8b524910986476e,8213589b6a396c01883967ef6e9259f874e6e04294b7745e948bdccd81bd5834,52343,53,UDP,74
1747810187.652913,f18cc54ef8a3ba4c2a230deb4df7782b15022cb5cccbaa93f8b524910986476e,8213589b6a396c01883967ef6e9259f874e6e04294b7745e948bdccd81bd5834,52343,53,UDP,74
1747810187.653008,f18cc54ef8a3ba4c2a230deb4df7782b15022cb5cccbaa93f8b524910986476e,fab521f6264b8b0d4210124362e2de539dd32d0b099ac65360e50f7c89b16531,44872,443,TCP,74
1747810187.670822,8213589b6a396c01883967ef6e9259f874e6e04294b7745e948bdccd81bd5834,f18cc54ef8a3ba4c2a230deb4df7782b15022cb5cccbaa93f8b524910986476e,53,52343,UDP,267
1747810187.671325,8213589b6a396c01883967ef6e9259f874e6e04294b7745e948bdccd81bd5834,f18cc54ef8a3ba4c2a230deb4df7782b15022cb5cccbaa93f8b524910986476e,53,52343,UDP,139
1747810187.67163,f18cc54ef8a3ba4c2a230deb4df7782b15022cb5cccbaa93f8b524910986476e,2af8203eff659205a2dbee23e32f15460426fa1054ebaf6f2a8e5dcad1ea0ee7,42044,443,TCP,74
1747810187.90345,f18cc54ef8a3ba4c2a230deb4df7782b15022cb5cccbaa93f8b524910986476e,e3ae28b529031b0c53649142fb28c21a049059baea5a3692d7a10de61221940d,48196,443,TCP,74
1747810187.917724,fab521f6264b8b0d4210124362e2de539dd32d0b099ac65360e50f7c89b16531,f18cc54ef8a3ba4c2a230deb4df7782b15022cb5cccbaa93f8b524910986476e,443,44872,TCP,74
1747810187.917739,f18cc54ef8a3ba4c2a230deb4df7782b15022cb5cccbaa93f8b524910986476e,fab521f6264b8b0d4210124362e2de539dd32d0b099ac65360e50f7c89b16531,44872,443,TCP,54
1747810187.918132,2af8203eff659205a2dbee23e32f15460426fa1054ebaf6f2a8e5dcad1ea0ee7,f18cc54ef8a3ba4c2a230deb4df7782b15022cb5cccbaa93f8b524910986476e,443,42044,TCP,74
1747810187.918166,f18cc54ef8a3ba4c2a230deb4df7782b15022cb5cccbaa93f8b524910986476e,2af8203eff659205a2dbee23e32f15460426fa1054ebaf6f2a8e5dcad1ea0ee7,42044,443,TCP,66
1747810187.918449,f18cc54ef8a3ba4c2a230deb4df7782b15022cb5cccbaa93f8b524910986476e,2af8203eff659205a2dbee23e32f15460426fa1054ebaf6f2a8e5dcad1ea0ee7,42044,443,TCP,583
1747810188.1546,f18cc54ef8a3ba4c2a230deb4df7782b15022cb5cccbaa93f8b524910986476e,262e86d44c5cedef44dfe5cdd6a8d345aa133e48ed09f49ee4be875fc863bc36,37146,443,TCP,74
1747810188.165486,e3ae28b529031b0c53649142fb28c21a049059baea5a3692d7a10de61221940d,f18cc54ef8a3ba4c2a230deb4df7782b15022cb5cccbaa93f8b524910986476e,443,48196,TCP,74
1747810188.165506,f18cc54ef8a3ba4c2a230deb4df7782b15022cb5cccbaa93f8b524910986476e,e3ae28b529031b0c53649142fb28c21a049059baea5a3692d7a10de61221940d,48196,443,TCP,54
1747810188.16588,2af8203eff659205a2dbee23e32f15460426fa1054ebaf6f2a8e5dcad1ea0ee7,f18cc54ef8a3ba4c2a230deb4df7782b15022cb5cccbaa93f8b524910986476e,443,42044,TCP,66
1747810188.16588,2af8203eff659205a2dbee23e32f15460426fa1054ebaf6f2a8e5dcad1ea0ee7,f18cc54ef8a3ba4c2a230deb4df7782b15022cb5cccbaa93f8b524910986476e,443,42044,TCP,291
1747810188.165902,f18cc54ef8a3ba4c2a230deb4df7782b15022cb5cccbaa93f8b524910986476e,2af8203eff659205a2dbee23e32f15460426fa1054ebaf6f2a8e5dcad1ea0ee7,42044,443,TCP,66
1747810188.166158,f18cc54ef8a3ba4c2a230deb4df7782b15022cb5cccbaa93f8b524910986476e,2af8203eff659205a2dbee23e32f15460426fa1054ebaf6f2a8e5dcad1ea0ee7,42044,443,TCP,1501
1747810188.405036,f18cc54ef8a3ba4c2a230deb4df7782b15022cb5cccbaa93f8b524910986476e,b173a02d09e5c19bae899b4545f57a3c45b016d4c5b8f35fe68d239681455842,44832,443,TCP,74
1747810188.418219,262e86d44c5cedef44dfe5cdd6a8d345aa133e48ed09f49ee4be875fc863bc36,f18cc54ef8a3ba4c2a230deb4df7782b15022cb5cccbaa93f8b524910986476e,443,37146,TCP,74
1747810188.418219,2af8203eff659205a2dbee23e32f15460426fa1054ebaf6f2a8e5dcad1ea0ee7,f18cc54ef8a3ba4c2a230deb4df7782b15022cb5cccbaa93f8b524910986476e,443,42044,TCP,66
1747810188.418219,2af8203eff659205a2dbee23e32f15460426fa1054ebaf6f2a8e5dcad1ea0ee7,f18cc54ef8a3ba4c2a230deb4df7782b15022cb5cccbaa93f8b524910986476e,443,42044,TCP,245
1747810188.418238,f18cc54ef8a3ba4c2a230deb4df7782b15022cb5cccbaa93f8b524910986476e,262e86d44c5cedef44dfe5cdd6a8d345aa133e48ed09f49ee4be875fc863bc36,37146,443,TCP,54
1747810188.418271,2af8203eff659205a2dbee23e32f15460426fa1054ebaf6f2a8e5dcad1ea0ee7,f18cc54ef8a3ba4c2a230deb4df7782b15022cb5cccbaa93f8b524910986476e,443,42044,TCP,642
1747810188.418271,2af8203eff659205a2dbee23e32f15460426fa1054ebaf6f2a8e5dcad1ea0ee7,f18cc54ef8a3ba4c2a230deb4df7782b15022cb5cccbaa93f8b524910986476e,443,42044,TCP,90
1747810188.418271,2af8203eff659205a2dbee23e32f15460426fa1054ebaf6f2a8e5dcad1ea0ee7,f18cc54ef8a3ba4c2a230deb4df7782b15022cb5cccbaa93f8b524910986476e,443,42044,TCP,66
1747810188.418342,f18cc54ef8a3ba4c2a230deb4df7782b15022cb5cccbaa93f8b524910986476e,2af8203eff659205a2dbee23e32f15460426fa1054ebaf6f2a8e5dcad1ea0ee7,42044,443,TCP,66
1747810188.418803,f18cc54ef8a3ba4c2a230deb4df7782b15022cb5cccbaa93f8b524910986476e,2af8203eff659205a2dbee23e32f15460426fa1054ebaf6f2a8e5dcad1ea0ee7,42044,443,TCP,90
1747810188.419395,f18cc54ef8a3ba4c2a230deb4df7782b15022cb5cccbaa93f8b524910986476e,2af8203eff659205a2dbee23e32f15460426fa1054ebaf6f2a8e5dcad1ea0ee7,42044,443,TCP,66
1747810188.616465,f18cc54ef8a3ba4c2a230deb4df7782b15022cb5cccbaa93f8b524910986476e,8213589b6a396c01883967ef6e9259f874e6e04294b7745e948bdccd81bd5834,59531,53,UDP,74
1747810188.616474,f18cc54ef8a3ba4c2a230deb4df7782b15022cb5cccbaa93f8b524910986476e,8213589b6a396c01883967ef6e9259f874e6e04294b7745e948bdccd81bd5834,59531,53,UDP,74
1747810188.655973,f18cc54ef8a3ba4c2a230deb4df7782b15022cb5cccbaa93f8b524910986476e,d6a0abe8339fe032a5803c07ac5d807afd81ea111b85265bda93924008ddca04,48816,443,TCP,74
1747810188.65784,8213589b6a396c01883967ef6e9259f874e6e04294b7745e948bdccd81bd5834,f18cc54ef8a3ba4c2a230deb4df7782b15022cb5cccbaa93f8b524910986476e,53,59531,UDP,267
1747810188.658022,8213589b6a396c01883967ef6e9259f874e6e04294b7745e948bdccd81bd5834,f18cc54ef8a3ba4c2a230deb4df7782b15022cb5cccbaa93f8b524910986476e,53,59531,UDP,139
1747810188.658022,b173a02d09e5c19bae899b4545f57a3c45b016d4c5b8f35fe68d239681455842,f18cc54ef8a3ba4c2a230deb4df7782b15022cb5cccbaa93f8b524910986476e,443,44832,TCP,74
1747810188.658022,2af8203eff659205a2dbee23e32f15460426fa1054ebaf6f2a8e5dcad1ea0ee7,f18cc54ef8a3ba4c2a230deb4df7782b15022cb5cccbaa93f8b524910986476e,443,42044,TCP,54
1747810188.658022,2af8203eff659205a2dbee23e32f15460426fa1054ebaf6f2a8e5dcad1ea0ee7,f18cc54ef8a3ba4c2a230deb4df7782b15022cb5cccbaa93f8b524910986476e,443,42044,TCP,54
1747810188.658037,f18cc54ef8a3ba4c2a230deb4df7782b15022cb5cccbaa93f8b524910986476e,b173a02d09e5c19bae899b4545f57a3c45b016d4c5b8f35fe68d239681455842,44832,443,TCP,54
1747810188.658254,f18cc54ef8a3ba4c2a230deb4df7782b15022cb5cccbaa93f8b524910986476e,d2afdf90313e44c46512f3b5744ba6b26e8457c1cf7b13b366b5c6b341dd7fea,59188,443,TCP,74
1747810188.904662,d2afdf90313e44c46512f3b5744ba6b26e8457c1cf7b13b366b5c6b341dd7fea,f18cc54ef8a3ba4c2a230deb4df7782b15022cb5cccbaa93f8b524910986476e,443,59188,TCP,74
1747810188.904695,f18cc54ef8a3ba4c2a230deb4df7782b15022cb5cccbaa93f8b524910986476e,d2afdf90313e44c46512f3b5744ba6b26e8457c1cf7b13b366b5c6b341dd7fea,59188,443,TCP,66
1747810188.905011,d6a0abe8339fe032a5803c07ac5d807afd81ea111b85265bda93924008ddca04,f18cc54ef8a3ba4c2a230deb4df7782b15022cb5cccbaa93f8b524910986476e,443,48816,TCP,74
1747810188.90503,f18cc54ef8a3ba4c2a230deb4df7782b15022cb5cccbaa93f8b524910986476e,d6a0abe8339fe032a5803c07ac5d807afd81ea111b85265bda93924008ddca04,48816,443,TCP,66
1747810188.90536,f18cc54ef8a3ba4c2a230deb4df7782b15022cb5cccbaa93f8b524910986476e,d2afdf90313e44c46512f3b5744ba6b26e8457c1cf7b13b366b5c6b341dd7fea,59188,443,TCP,583
1747810188.905668,f18cc54ef8a3ba4c2a230deb4df7782b15022cb5cccbaa93f8b524910986476e,d6a0abe8339fe032a5803c07ac5d807afd81ea111b85265bda93924008ddca04,48816,443,TCP,583
1747810189.151278,d2afdf90313e44c46512f3b5744ba6b26e8457c1cf7b13b366b5c6b341dd7fea,f18cc54ef8a3ba4c2a230deb4df7782b15022cb5cccbaa93f8b524910986476e,443,59188,TCP,66
1747810189.151587,d2afdf90313e44c46512f3b5744ba6b26e8457c1cf7b13b366b5c6b341dd7fea,f18cc54ef8a3ba4c2a230deb4df7782b15022cb5cccbaa93f8b524910986476e,443,59188,TCP,1514
1747810189.151607,f18cc54ef8a3ba4c2a230deb4df7782b15022cb5cccbaa93f8b524910986476e,d2afdf90313e44c46512f3b5744ba6b26e8457c1cf7b13b366b5c6b341dd7fea,59188,443,TCP,66
1747810189.152652,d2afdf90313e44c46512f3b5744ba6b26e8457c1cf7b13b366b5c6b341dd7fea,f18cc54ef8a3ba4c2a230deb4df7782b15022cb5cccbaa93f8b524910986476e,443,59188,TCP,1514
1747810189.152652,d2afdf90313e44c46512f3b5744ba6b26e8457c1cf7b13b366b5c6b341dd7fea,f18cc54ef8a3ba4c2a230deb4df7782b15022cb5cccbaa93f8b524910986476e,443,59188,TCP,1553
1747810189.152653,d6a0abe8339fe032a5803c07ac5d807afd81ea111b85265bda93924008ddca04,f18cc54ef8a3ba4c2a230deb4df7782b15022cb5cccbaa93f8b524910986476e,443,48816,TCP,66
1747810189.152653,d6a0abe8339fe032a5803c07ac5d807afd81ea111b85265bda93924008ddca04,f18cc54ef8a3ba4c2a230deb4df7782b15022cb5cccbaa93f8b524910986476e,443,48816,TCP,2962
1747810189.152653,d6a0abe8339fe032a5803c07ac5d807afd81ea111b85265bda93924008ddca04,f18cc54ef8a3ba4c2a230deb4df7782b15022cb5cccbaa93f8b524910986476e,443,48816,TCP,1553
1747810189.152674,f18cc54ef8a3ba4c2a230deb4df7782b15022cb5cccbaa93f8b524910986476e,d2afdf90313e44c46512f3b5744ba6b26e8457c1cf7b13b366b5c6b341dd7fea,59188,443,TCP,66
1747810189.152684,f18cc54ef8a3ba4c2a230deb4df7782b15022cb5cccbaa93f8b524910986476e,d2afdf90313e44c46512f3b5744ba6b26e8457c1cf7b13b366b5c6b341dd7fea,59188,443,TCP,66
1747810189.152698,f18cc54ef8a3ba4c2a230deb4df7782b15022cb5cccbaa93f8b524910986476e,d6a0abe8339fe032a5803c07ac5d807afd81ea111b85265bda93924008ddca04,48816,443,TCP,66
1747810189.152706,f18cc54ef8a3ba4c2a230deb4df7782b15022cb5cccbaa93f8b524910986476e,d6a0abe8339fe032a5803c07ac5d807afd81ea111b85265bda93924008ddca04,48816,443,TCP,66
1747810189.153855,f18cc54ef8a3ba4c2a230deb4df7782b15022cb5cccbaa93f8b524910986476e,d2afdf90313e44c46512f3b5744ba6b26e8457c1cf7b13b366b5c6b341dd7fea,59188,443,TCP,1492
1747810189.1549,f18cc54ef8a3ba4c2a230deb4df7782b15022cb5cccbaa93f8b524910986476e,d6a0abe8339fe032a5803c07ac5d807afd81ea111b85265bda93924008ddca04,48816,443,TCP,1501
1747810189.313281,f18cc54ef8a3ba4c2a230deb4df7782b15022cb5cccbaa93f8b524910986476e,0a131fbc2c963522532310826b0c1b4b0c8a23bccd4c8efb3f6493364357fac4,36126,443,TCP,126
1747810189.313472,f18cc54ef8a3ba4c2a230deb4df7782b15022cb5cccbaa93f8b524910986476e,8213589b6a396c01883967ef6e9259f874e6e04294b7745e948bdccd81bd5834,51709,53,UDP,74
1747810189.313479,f18cc54ef8a3ba4c2a230deb4df7782b15022cb5cccbaa93f8b524910986476e,8213589b6a396c01883967ef6e9259f874e6e04294b7745e948bdccd81bd5834,51709,53,UDP,74
1747810189.31587,f18cc54ef8a3ba4c2a230deb4df7782b15022cb5cccbaa93f8b524910986476e,0a131fbc2c963522532310826b0c1b4b0c8a23bccd4c8efb3f6493364357fac4,36126,443,TCP,105
1747810189.328212,8213589b6a396c01883967ef6e9259f874e6e04294b7745e948bdccd81bd5834,f18cc54ef8a3ba4c2a230deb4df7782b15022cb5cccbaa93f8b524910986476e,53,51709,UDP,249
1747810189.328212,8213589b6a396c01883967ef6e9259f874e6e04294b7745e948bdccd81bd5834,f18cc54ef8a3ba4c2a230deb4df7782b15022cb5cccbaa93f8b524910986476e,53,51709,UDP,206
1747810189.398039,d2afdf90313e44c46512f3b5744ba6b26e8457c1cf7b13b366b5c6b341dd7fea,f18cc54ef8a3ba4c2a230deb4df7782b15022cb5cccbaa93f8b524910986476e,443,59188,TCP,66
1747810189.398302,d2afdf90313e44c46512f3b5744ba6b26e8457c1cf7b13b366b5c6b341dd7fea,f18cc54ef8a3ba4c2a230deb4df7782b15022cb5cccbaa93f8b524910986476e,443,59188,TCP,245
1747810189.398302,d6a0abe8339fe032a5803c07ac5d807afd81ea111b85265bda93924008ddca04,f18cc54ef8a3ba4c2a230deb4df7782b15022cb5cccbaa93f8b524910986476e,443,48816,TCP,66
1747810189.398302,d6a0abe8339fe032a5803c07ac5d807afd81ea111b85265bda93924008ddca04,f18cc54ef8a3ba4c2a230deb4df7782b15022cb5cccbaa93f8b524910986476e,443,48816,TCP,245
1747810189.398332,f18cc54ef8a3ba4c2a230deb4df7782b15022cb5cccbaa93f8b524910986476e,d6a0abe8339fe032a5803c07ac5d807afd81ea111b85265bda93924008ddca04,48816,443,TCP,122
1747810189.398353,d2afdf90313e44c46512f3b5744ba6b26e8457c1cf7b13b366b5c6b341dd7fea,f18cc54ef8a3ba4c2a230deb4df7782b15022cb5cccbaa93f8b524910986476e,443,59188,TCP,461
1747810189.398353,d2afdf90313e44c46512f3b5744ba6b26e8457c1cf7b13b366b5c6b341dd7fea,f18cc54ef8a3ba4c2a230deb4df7782b15022cb5cccbaa93f8b524910986476e,443,59188,TCP,90
1747810189.398353,d2afdf90313e44c46512f3b5744ba6b26e8457c1cf7b13b366b5c6b341dd7fea,f18cc54ef8a3ba4c2a230deb4df7782b15022cb5cccbaa93f8b524910986476e,443,59188,TCP,66
1747810189.3987,f18cc54ef8a3ba4c2a230deb4df7782b15022cb5cccbaa93f8b524910986476e,d2afdf90313e44c46512f3b5744ba6b26e8457c1cf7b13b366b5c6b341dd7fea,59188,443,TCP,66
1747810189.399372,f18cc54ef8a3ba4c2a230deb4df7782b15022cb5cccbaa93f8b524910986476e,d2afdf90313e44c46512f3b5744ba6b26e8457c1cf7b13b366b5c6b341dd7fea,59188,443,TCP,90
1747810189.400007,f18cc54ef8a3ba4c2a230deb4df7782b15022cb5cccbaa93f8b524910986476e,d2afdf90313e44c46512f3b5744ba6b26e8457c1cf7b13b366b5c6b341dd7fea,59188,443,TCP,66
1747810189.402172,f18cc54ef8a3ba4c2a230deb4df7782b15022cb5cccbaa93f8b524910986476e,b3ecac3c9c0611a1eaf507cb30bb0903d63060981c3a0f3e8982dc950464a79e,48704,443,TCP,180
1747810189.402286,f18cc54ef8a3ba4c2a230deb4df7782b15022cb5cccbaa93f8b524910986476e,8213589b6a396c01883967ef6e9259f874e6e04294b7745e948bdccd81bd5834,38556,53,UDP,74
1747810189.402294,f18cc54ef8a3ba4c2a230deb4df7782b15022cb5cccbaa93f8b524910986476e,8213589b6a396c01883967ef6e9259f874e6e04294b7745e948bdccd81bd5834,38556,53,UDP,74
1747810189.402611,f18cc54ef8a3ba4c2a230deb4df7782b15022cb5cccbaa93f8b524910986476e,b3ecac3c9c0611a1eaf507cb30bb0903d63060981c3a0f3e8982dc950464a79e,48704,443,TCP,105
1747810189.404232,8213589b6a396c01883967ef6e9259f874e6e04294b7745e948bdccd81bd5834,f18cc54ef8a3ba4c2a230deb4df7782b15022cb5cccbaa93f8b524910986476e,53,38556,UDP,267
1747810189.404539,8213589b6a396c01883967ef6e9259f874e6e04294b7745e948bdccd81bd5834,f18cc54ef8a3ba4c2a230deb4df7782b15022cb5cccbaa93f8b524910986476e,53,38556,UDP,139
1747810189.43917,f18cc54ef8a3ba4c2a230deb4df7782b15022cb5cccbaa93f8b524910986476e,d6a0abe8339fe032a5803c07ac5d807afd81ea111b85265bda93924008ddca04,48816,443,TCP,66
1747810189.562773,0a131fbc2c963522532310826b0c1b4b0c8a23bccd4c8efb3f6493364357fac4,f18cc54ef8a3ba4c2a230deb4df7782b15022cb5cccbaa93f8b524910986476e,443,36126,TCP,66
1747810189.562773,0a131fbc2c963522532310826b0c1b4b0c8a23bccd4c8efb3f6493364357fac4,f18cc54ef8a3ba4c2a230deb4df7782b15022cb5cccbaa93f8b524910986476e,443,36126,TCP,66
1747810189.562773,0a131fbc2c963522532310826b0c1b4b0c8a23bccd4c8efb3f6493364357fac4,f18cc54ef8a3ba4c2a230deb4df7782b15022cb5cccbaa93f8b524910986476e,443,36126,TCP,105
1747810189.584731,0a131fbc2c963522532310826b0c1b4b0c8a23bccd4c8efb3f6493364357fac4,f18cc54ef8a3ba4c2a230deb4df7782b15022cb5cccbaa93f8b524910986476e,443,36126,TCP,353
1747810189.5848,f18cc54ef8a3ba4c2a230deb4df7782b15022cb5cccbaa93f8b524910986476e,0a131fbc2c963522532310826b0c1b4b0c8a23bccd4c8efb3f6493364357fac4,36126,443,TCP,66
1747810189.58505,0a131fbc2c963522532310826b0c1b4b0c8a23bccd4c8efb3f6493364357fac4,f18cc54ef8a3ba4c2a230deb4df7782b15022cb5cccbaa93f8b524910986476e,443,36126,TCP,97
1747810189.586518,f18cc54ef8a3ba4c2a230deb4df7782b15022cb5cccbaa93f8b524910986476e,0a131fbc2c963522532310826b0c1b4b0c8a23bccd4c8efb3f6493364357fac4,36126,443,TCP,101
1747810189.80005,d2afdf90313e44c46512f3b5744ba6b26e8457c1cf7b13b366b5c6b341dd7fea,f18cc54ef8a3ba4c2a230deb4df7782b15022cb5cccbaa93f8b524910986476e,443,59188,TCP,54
1747810189.80082,d2afdf90313e44c46512f3b5744ba6b26e8457c1cf7b13b366b5c6b341dd7fea,f18cc54ef8a3ba4c2a230deb4df7782b15022cb5cccbaa93f8b524910986476e,443,59188,TCP,54
1747810189.80082,b3ecac3c9c0611a1eaf507cb30bb0903d63060981c3a0f3e8982dc950464a79e,f18cc54ef8a3ba4c2a230deb4df7782b15022cb5cccbaa93f8b524910986476e,443,48704,TCP,66
1747810189.800821,b3ecac3c9c0611a1eaf507cb30bb0903d63060981c3a0f3e8982dc950464a79e,f18cc54ef8a3ba4c2a230deb4df7782b15022cb5cccbaa93f8b524910986476e,443,48704,TCP,66
1747810189.800821,b3ecac3c9c0611a1eaf507cb30bb0903d63060981c3a0f3e8982dc950464a79e,f18cc54ef8a3ba4c2a230deb4df7782b15022cb5cccbaa93f8b524910986476e,443,48704,TCP,105
1747810189.800821,b3ecac3c9c0611a1eaf507cb30bb0903d63060981c3a0f3e8982dc950464a79e,f18cc54ef8a3ba4c2a230deb4df7782b15022cb5cccbaa93f8b524910986476e,443,48704,TCP,446
1747810189.800821,b3ecac3c9c0611a1eaf507cb30bb0903d63060981c3a0f3e8982dc950464a79e,f18cc54ef8a3ba4c2a230deb4df7782b15022cb5cccbaa93f8b524910986476e,443,48704,TCP,97
1747810189.800821,d6a0abe8339fe032a5803c07ac5d807afd81ea111b85265bda93924008ddca04,f18cc54ef8a3ba4c2a230deb4df7782b15022cb5cccbaa93f8b524910986476e,443,48816,TCP,66
1747810189.800821,d6a0abe8339fe032a5803c07ac5d807afd81ea111b85265bda93924008ddca04,f18cc54ef8a3ba4c2a230deb4df7782b15022cb5cccbaa93f8b524910986476e,443,48816,TCP,1657
1747810189.800871,f18cc54ef8a3ba4c2a230deb4df7782b15022cb5cccbaa93f8b524910986476e,d6a0abe8339fe032a5803c07ac5d807afd81ea111b85265bda93924008ddca04,48816,443,TCP,66
1747810189.800881,d6a0abe8339fe032a5803c07ac5d807afd81ea111b85265bda93924008ddca04,f18cc54ef8a3ba4c2a230deb4df7782b15022cb5cccbaa93f8b524910986476e,443,48816,TCP,66
1747810189.8009,f18cc54ef8a3ba4c2a230deb4df7782b15022cb5cccbaa93f8b524910986476e,b3ecac3c9c0611a1eaf507cb30bb0903d63060981c3a0f3e8982dc950464a79e,48704,443,TCP,66
1747810189.801581,f18cc54ef8a3ba4c2a230deb4df7782b15022cb5cccbaa93f8b524910986476e,d6a0abe8339fe032a5803c07ac5d807afd81ea111b85265bda93924008ddca04,48816,443,TCP,90
1747810189.801892,f18cc54ef8a3ba4c2a230deb4df7782b15022cb5cccbaa93f8b524910986476e,d6a0abe8339fe032a5803c07ac5d807afd81ea111b85265bda93924008ddca04,48816,443,TCP,66
1747810189.891401,0a131fbc2c963522532310826b0c1b4b0c8a23bccd4c8efb3f6493364357fac4,f18cc54ef8a3ba4c2a230deb4df7782b15022cb5cccbaa93f8b524910986476e,443,36126,TCP,66
1747810190.006359,f18cc54ef8a3ba4c2a230deb4df7782b15022cb5cccbaa93f8b524910986476e,b3ecac3c9c0611a1eaf507cb30bb0903d63060981c3a0f3e8982dc950464a79e,48704,443,TCP,101
1747810190.059924,d6a0abe8339fe032a5803c07ac5d807afd81ea111b85265bda93924008ddca04,f18cc54ef8a3ba4c2a230deb4df7782b15022cb5cccbaa93f8b524910986476e,443,48816,TCP,66
1747810190.303231,b3ecac3c9c0611a1eaf507cb30bb0903d63060981c3a0f3e8982dc950464a79e,f18cc54ef8a3ba4c2a230deb4df7782b15022cb5cccbaa93f8b524910986476e,443,48704,TCP,66
1747810190.549264,f18cc54ef8a3ba4c2a230deb4df7782b15022cb5cccbaa93f8b524910986476e,86ebea5b4140c737cc826205956a0f627d9a9f3dec0521105186460dde600773,54922,443,TCP,425
1747810190.553728,f18cc54ef8a3ba4c2a230deb4df7782b15022cb5cccbaa93f8b524910986476e,86ebea5b4140c737cc826205956a0f627d9a9f3dec0521105186460dde600773,54922,443,TCP,97
1747810190.633168,86ebea5b4140c737cc826205956a0f627d9a9f3dec0521105186460dde600773,f18cc54ef8a3ba4c2a230deb4df7782b15022cb5cccbaa93f8b524910986476e,443,54922,TCP,66
1747810190.945175,86ebea5b4140c737cc826205956a0f627d9a9f3dec0521105186460dde600773,f18cc54ef8a3ba4c2a230deb4df7782b15022cb5cccbaa93f8b524910986476e,443,54922,TCP,147
1747810190.945241,f18cc54ef8a3ba4c2a230deb4df7782b15022cb5cccbaa93f8b524910986476e,86ebea5b4140c737cc826205956a0f627d9a9f3dec0521105186460dde600773,54922,443,TCP,66
1747810192.535154,f18cc54ef8a3ba4c2a230deb4df7782b15022cb5cccbaa93f8b524910986476e,457bad71769d8257eaf6470ea9995c55a5a96f9d3f364980220a4e7b5845038c,41932,443,TCP,66
1747810192.609505,457bad71769d8257eaf6470ea9995c55a5a96f9d3f364980220a4e7b5845038c,f18cc54ef8a3ba4c2a230deb4df7782b15022cb5cccbaa93f8b524910986476e,443,41932,TCP,66
1747810192.688708,f18cc54ef8a3ba4c2a230deb4df7782b15022cb5cccbaa93f8b524910986476e,8213589b6a396c01883967ef6e9259f874e6e04294b7745e948bdccd81bd5834,50898,53,UDP,80
1747810192.697228,8213589b6a396c01883967ef6e9259f874e6e04294b7745e948bdccd81bd5834,f18cc54ef8a3ba4c2a230deb4df7782b15022cb5cccbaa93f8b524910986476e,53,50898,UDP,126
1747810192.69728,f18cc54ef8a3ba4c2a230deb4df7782b15022cb5cccbaa93f8b524910986476e,8213589b6a396c01883967ef6e9259f874e6e04294b7745e948bdccd81bd5834,53113,53,UDP,80
1747810192.704226,8213589b6a396c01883967ef6e9259f874e6e04294b7745e948bdccd81bd5834,f18cc54ef8a3ba4c2a230deb4df7782b15022cb5cccbaa93f8b524910986476e,53,53113,UDP,138
1747810193.019882,f18cc54ef8a3ba4c2a230deb4df7782b15022cb5cccbaa93f8b524910986476e,8213589b6a396c01883967ef6e9259f874e6e04294b7745e948bdccd81bd5834,45235,53,UDP,78
1747810193.028172,8213589b6a396c01883967ef6e9259f874e6e04294b7745e948bdccd81bd5834,f18cc54ef8a3ba4c2a230deb4df7782b15022cb5cccbaa93f8b524910986476e,53,45235,UDP,94
1747810193.028257,f18cc54ef8a3ba4c2a230deb4df7782b15022cb5cccbaa93f8b524910986476e,8213589b6a396c01883967ef6e9259f874e6e04294b7745e948bdccd81bd5834,37268,53,UDP,78
1747810193.034553,8213589b6a396c01883967ef6e9259f874e6e04294b7745e948bdccd81bd5834,f18cc54ef8a3ba4c2a230deb4df7782b15022cb5cccbaa93f8b524910986476e,53,37268,UDP,135
1747810193.034861,f18cc54ef8a3ba4c2a230deb4df7782b15022cb5cccbaa93f8b524910986476e,d90d72ecf07e06c273a9f2383f8c64eb5d0a8bd4dc92bbb867ad25a086ca158a,47730,443,TCP,74
1747810193.247633,d90d72ecf07e06c273a9f2383f8c64eb5d0a8bd4dc92bbb867ad25a086ca158a,f18cc54ef8a3ba4c2a230deb4df7782b15022cb5cccbaa93f8b524910986476e,443,47730,TCP,74
1747810193.247673,f18cc54ef8a3ba4c2a230deb4df7782b15022cb5cccbaa93f8b524910986476e,d90d72ecf07e06c273a9f2383f8c64eb5d0a8bd4dc92bbb867ad25a086ca158a,47730,443,TCP,66
1747810193.248087,f18cc54ef8a3ba4c2a230deb4df7782b15022cb5cccbaa93f8b524910986476e,d90d72ecf07e06c273a9f2383f8c64eb5d0a8bd4dc92bbb867ad25a086ca158a,47730,443,TCP,1514
1747810193.248092,f18cc54ef8a3ba4c2a230deb4df7782b15022cb5cccbaa93f8b524910986476e,d90d72ecf07e06c273a9f2383f8c64eb5d0a8bd4dc92bbb867ad25a086ca158a,47730,443,TCP,346
1747810193.532186,d90d72ecf07e06c273a9f2383f8c64eb5d0a8bd4dc92bbb867ad25a086ca158a,f18cc54ef8a3ba4c2a230deb4df7782b15022cb5cccbaa93f8b524910986476e,443,47730,TCP,66
1747810193.532187,d90d72ecf07e06c273a9f2383f8c64eb5d0a8bd4dc92bbb867ad25a086ca158a,f18cc54ef8a3ba4c2a230deb4df7782b15022cb5cccbaa93f8b524910986476e,443,47730,TCP,2882
1747810193.532187,d90d72ecf07e06c273a9f2383f8c64eb5d0a8bd4dc92bbb867ad25a086ca158a,f18cc54ef8a3ba4c2a230deb4df7782b15022cb5cccbaa93f8b524910986476e,443,47730,TCP,146
1747810193.532187,d90d72ecf07e06c273a9f2383f8c64eb5d0a8bd4dc92bbb867ad25a086ca158a,f18cc54ef8a3ba4c2a230deb4df7782b15022cb5cccbaa93f8b524910986476e,443,47730,TCP,1899
1747810193.532221,f18cc54ef8a3ba4c2a230deb4df7782b15022cb5cccbaa93f8b524910986476e,d90d72ecf07e06c273a9f2383f8c64eb5d0a8bd4dc92bbb867ad25a086ca158a,47730,443,TCP,66
1747810193.532228,f18cc54ef8a3ba4c2a230deb4df7782b15022cb5cccbaa93f8b524910986476e,d90d72ecf07e06c273a9f2383f8c64eb5d0a8bd4dc92bbb867ad25a086ca158a,47730,443,TCP,66
1747810193.532233,f18cc54ef8a3ba4c2a230deb4df7782b15022cb5cccbaa93f8b524910986476e,d90d72ecf07e06c273a9f2383f8c64eb5d0a8bd4dc92bbb867ad25a086ca158a,47730,443,TCP,66
1747810193.534517,f18cc54ef8a3ba4c2a230deb4df7782b15022cb5cccbaa93f8b524910986476e,d90d72ecf07e06c273a9f2383f8c64eb5d0a8bd4dc92bbb867ad25a086ca158a,47730,443,TCP,130
1747810193.534685,f18cc54ef8a3ba4c2a230deb4df7782b15022cb5cccbaa93f8b524910986476e,d90d72ecf07e06c273a9f2383f8c64eb5d0a8bd4dc92bbb867ad25a086ca158a,47730,443,TCP,158
1747810193.534961,f18cc54ef8a3ba4c2a230deb4df7782b15022cb5cccbaa93f8b524910986476e,d90d72ecf07e06c273a9f2383f8c64eb5d0a8bd4dc92bbb867ad25a086ca158a,47730,443,TCP,602
1747810193.709278,f18cc54ef8a3ba4c2a230deb4df7782b15022cb5cccbaa93f8b524910986476e,c017513cfb0dfa4534766177e683698121721f7562a9f0dc6b1e812a7c0edd8b,45978,443,TCP,646
1747810193.713298,f18cc54ef8a3ba4c2a230deb4df7782b15022cb5cccbaa93f8b524910986476e,c017513cfb0dfa4534766177e683698121721f7562a9f0dc6b1e812a7c0edd8b,45978,443,TCP,97
1747810193.757454,d90d72ecf07e06c273a9f2383f8c64eb5d0a8bd4dc92bbb867ad25a086ca158a,f18cc54ef8a3ba4c2a230deb4df7782b15022cb5cccbaa93f8b524910986476e,443,47730,TCP,66
1747810193.839674,d90d72ecf07e06c273a9f2383f8c64eb5d0a8bd4dc92bbb867ad25a086ca158a,f18cc54ef8a3ba4c2a230deb4df7782b15022cb5cccbaa93f8b524910986476e,443,47730,TCP,121
1747810193.839675,d90d72ecf07e06c273a9f2383f8c64eb5d0a8bd4dc92bbb867ad25a086ca158a,f18cc54ef8a3ba4c2a230deb4df7782b15022cb5cccbaa93f8b524910986476e,443,47730,TCP,110
1747810193.839675,d90d72ecf07e06c273a9f2383f8c64eb5d0a8bd4dc92bbb867ad25a086ca158a,f18cc54ef8a3ba4c2a230deb4df7782b15022cb5cccbaa93f8b524910986476e,443,47730,TCP,138
1747810193.839743,f18cc54ef8a3ba4c2a230deb4df7782b15022cb5cccbaa93f8b524910986476e,d90d72ecf07e06c273a9f2383f8c64eb5d0a8bd4dc92bbb867ad25a086ca158a,47730,443,TCP,66
1747810193.839934,f18cc54ef8a3ba4c2a230deb4df7782b15022cb5cccbaa93f8b524910986476e,d90d72ecf07e06c273a9f2383f8c64eb5d0a8bd4dc92bbb867ad25a086ca158a,47730,443,TCP,97
1747810193.839947,f18cc54ef8a3ba4c2a230deb4df7782b15022cb5cccbaa93f8b524910986476e,d90d72ecf07e06c273a9f2383f8c64eb5d0a8bd4dc92bbb867ad25a086ca158a,47730,443,TCP,101
1747810193.949367,c017513cfb0dfa4534766177e683698121721f7562a9f0dc6b1e812a7c0edd8b,f18cc54ef8a3ba4c2a230deb4df7782b15022cb5cccbaa93f8b524910986476e,443,45978,TCP,317
1747810193.949368,c017513cfb0dfa4534766177e683698121721f7562a9f0dc6b1e812a7c0edd8b,f18cc54ef8a3ba4c2a230deb4df7782b15022cb5cccbaa93f8b524910986476e,443,45978,TCP,101
1747810193.949395,f18cc54ef8a3ba4c2a230deb4df7782b15022cb5cccbaa93f8b524910986476e,c017513cfb0dfa4534766177e683698121721f7562a9f0dc6b1e812a7c0edd8b,45978,443,TCP,66
1747810193.949407,f18cc54ef8a3ba4c2a230deb4df7782b15022cb5cccbaa93f8b524910986476e,c017513cfb0dfa4534766177e683698121721f7562a9f0dc6b1e812a7c0edd8b,45978,443,TCP,66
1747810194.004026,c017513cfb0dfa4534766177e683698121721f7562a9f0dc6b1e812a7c0edd8b,f18cc54ef8a3ba4c2a230deb4df7782b15022cb5cccbaa93f8b524910986476e,443,45978,TCP,66
1747810194.08703,d90d72ecf07e06c273a9f2383f8c64eb5d0a8bd4dc92bbb867ad25a086ca158a,f18cc54ef8a3ba4c2a230deb4df7782b15022cb5cccbaa93f8b524910986476e,443,47730,TCP,66
1747810194.665879,f18cc54ef8a3ba4c2a230deb4df7782b15022cb5cccbaa93f8b524910986476e,8213589b6a396c01883967ef6e9259f874e6e04294b7745e948bdccd81bd5834,45012,53,UDP,76
1747810194.67785,8213589b6a396c01883967ef6e9259f874e6e04294b7745e948bdccd81bd5834,f18cc54ef8a3ba4c2a230deb4df7782b15022cb5cccbaa93f8b524910986476e,53,45012,UDP,92
1747810194.677917,f18cc54ef8a3ba4c2a230deb4df7782b15022cb5cccbaa93f8b524910986476e,8213589b6a396c01883967ef6e9259f874e6e04294b7745e948bdccd81bd5834,55816,53,UDP,76
1747810194.688918,8213589b6a396c01883967ef6e9259f874e6e04294b7745e948bdccd81bd5834,f18cc54ef8a3ba4c2a230deb4df7782b15022cb5cccbaa93f8b524910986476e,53,55816,UDP,104
1747810195.118636,f18cc54ef8a3ba4c2a230deb4df7782b15022cb5cccbaa93f8b524910986476e,8213589b6a396c01883967ef6e9259f874e6e04294b7745e948bdccd81bd5834,58414,53,UDP,74
1747810195.118648,f18cc54ef8a3ba4c2a230deb4df7782b15022cb5cccbaa93f8b524910986476e,8213589b6a396c01883967ef6e9259f874e6e04294b7745e948bdccd81bd5834,58414,53,UDP,74
1747810195.158107,8213589b6a396c01883967ef6e9259f874e6e04294b7745e948bdccd81bd5834,f18cc54ef8a3ba4c2a230deb4df7782b15022cb5cccbaa93f8b524910986476e,53,58414,UDP,249
1747810195.158946,8213589b6a396c01883967ef6e9259f874e6e04294b7745e948bdccd81bd5834,f18cc54ef8a3ba4c2a230deb4df7782b15022cb5cccbaa93f8b524910986476e,53,58414,UDP,206
1747810195.159371,f18cc54ef8a3ba4c2a230deb4df7782b15022cb5cccbaa93f8b524910986476e,d2afdf90313e44c46512f3b5744ba6b26e8457c1cf7b13b366b5c6b341dd7fea,45908,443,TCP,74
1747810195.305739,f18cc54ef8a3ba4c2a230deb4df7782b15022cb5cccbaa93f8b524910986476e,d3d551da594599ddabe4dd8c0e34ac180ddb76cf3927ad48aa491c629f714f79,38836,443,TCP,1326
1747810195.30681,f18cc54ef8a3ba4c2a230deb4df7782b15022cb5cccbaa93f8b524910986476e,d3d551da594599ddabe4dd8c0e34ac180ddb76cf3927ad48aa491c629f714f79,38836,443,TCP,97
1747810195.410326,f18cc54ef8a3ba4c2a230deb4df7782b15022cb5cccbaa93f8b524910986476e,b16cd10442c25771c3bd69ebbb667f622db24f36ca7cacd7aaff0a596b4ae2df,43388,443,TCP,74
1747810195.548699,f18cc54ef8a3ba4c2a230deb4df7782b15022cb5cccbaa93f8b524910986476e,86ebea5b4140c737cc826205956a0f627d9a9f3dec0521105186460dde600773,54922,443,TCP,425
1747810195.549511,f18cc54ef8a3ba4c2a230deb4df7782b15022cb5cccbaa93f8b524910986476e,86ebea5b4140c737cc826205956a0f627d9a9f3dec0521105186460dde600773,54922,443,TCP,97
1747810195.550497,d2afdf90313e44c46512f3b5744ba6b26e8457c1cf7b13b366b5c6b341dd7fea,f18cc54ef8a3ba4c2a230deb4df7782b15022cb5cccbaa93f8b524910986476e,443,45908,TCP,74
1747810195.550514,f18cc54ef8a3ba4c2a230deb4df7782b15022cb5cccbaa93f8b524910986476e,d2afdf90313e44c46512f3b5744ba6b26e8457c1cf7b13b366b5c6b341dd7fea,45908,443,TCP,54
1747810195.55179,d3d551da594599ddabe4dd8c0e34ac180ddb76cf3927ad48aa491c629f714f79,f18cc54ef8a3ba4c2a230deb4df7782b15022cb5cccbaa93f8b524910986476e,443,38836,TCP,66
1747810195.59744,d3d551da594599ddabe4dd8c0e34ac180ddb76cf3927ad48aa491c629f714f79,f18cc54ef8a3ba4c2a230deb4df7782b15022cb5cccbaa93f8b524910986476e,443,38836,TCP,371
1747810195.597441,d3d551da594599ddabe4dd8c0e34ac180ddb76cf3927ad48aa491c629f714f79,f18cc54ef8a3ba4c2a230deb4df7782b15022cb5cccbaa93f8b524910986476e,443,38836,TCP,97
1747810195.597471,f18cc54ef8a3ba4c2a230deb4df7782b15022cb5cccbaa93f8b524910986476e,d3d551da594599ddabe4dd8c0e34ac180ddb76cf3927ad48aa491c629f714f79,38836,443,TCP,66
1747810195.597484,f18cc54ef8a3ba4c2a230deb4df7782b15022cb5cccbaa93f8b524910986476e,d3d551da594599ddabe4dd8c0e34ac180ddb76cf3927ad48aa491c629f714f79,38836,443,TCP,66
1747810195.600571,f18cc54ef8a3ba4c2a230deb4df7782b15022cb5cccbaa93f8b524910986476e,d3d551da594599ddabe4dd8c0e34ac180ddb76cf3927ad48aa491c629f714f79,38836,443,TCP,647
1747810195.601293,f18cc54ef8a3ba4c2a230deb4df7782b15022cb5cccbaa93f8b524910986476e,d3d551da594599ddabe4dd8c0e34ac180ddb76cf3927ad48aa491c629f714f79,38836,443,TCP,97
1747810195.65711,86ebea5b4140c737cc826205956a0f627d9a9f3dec0521105186460dde600773,f18cc54ef8a3ba4c2a230deb4df7782b15022cb5cccbaa93f8b524910986476e,443,54922,TCP,101
1747810195.657133,f18cc54ef8a3ba4c2a230deb4df7782b15022cb5cccbaa93f8b524910986476e,86ebea5b4140c737cc826205956a0f627d9a9f3dec0521105186460dde600773,54922,443,TCP,66
1747810195.658745,86ebea5b4140c737cc826205956a0f627d9a9f3dec0521105186460dde600773,f18cc54ef8a3ba4c2a230deb4df7782b15022cb5cccbaa93f8b524910986476e,443,54922,TCP,101
1747810195.658745,86ebea5b4140c737cc826205956a0f627d9a9f3dec0521105186460dde600773,f18cc54ef8a3ba4c2a230deb4df7782b15022cb5cccbaa93f8b524910986476e,443,54922,TCP,66
1747810195.658754,f18cc54ef8a3ba4c2a230deb4df7782b15022cb5cccbaa93f8b524910986476e,86ebea5b4140c737cc826205956a0f627d9a9f3dec0521105186460dde600773,54922,443,TCP,66
1747810195.661293,f18cc54ef8a3ba4c2a230deb4df7782b15022cb5cccbaa93f8b524910986476e,a7467c79d4555f476eadddc2122a448801f4eed77c7cba0f2a1b6754b5c60560,44304,443,TCP,74
1747810195.66208,b16cd10442c25771c3bd69ebbb667f622db24f36ca7cacd7aaff0a596b4ae2df,f18cc54ef8a3ba4c2a230deb4df7782b15022cb5cccbaa93f8b524910986476e,443,43388,TCP,74
1747810195.662092,f18cc54ef8a3ba4c2a230deb4df7782b15022cb5cccbaa93f8b524910986476e,b16cd10442c25771c3bd69ebbb667f622db24f36ca7cacd7aaff0a596b4ae2df,43388,443,TCP,54
1747810195.829528,d3d551da594599ddabe4dd8c0e34ac180ddb76cf3927ad48aa491c629f714f79,f18cc54ef8a3ba4c2a230deb4df7782b15022cb5cccbaa93f8b524910986476e,443,38836,TCP,66
1747810195.851893,d3d551da594599ddabe4dd8c0e34ac180ddb76cf3927ad48aa491c629f714f79,f18cc54ef8a3ba4c2a230deb4df7782b15022cb5cccbaa93f8b524910986476e,443,38836,TCP,811
1747810195.852369,d3d551da594599ddabe4dd8c0e34ac180ddb76cf3927ad48aa491c629f714f79,f18cc54ef8a3ba4c2a230deb4df7782b15022cb5cccbaa93f8b524910986476e,443,38836,TCP,97
1747810195.852652,f18cc54ef8a3ba4c2a230deb4df7782b15022cb5cccbaa93f8b524910986476e,d3d551da594599ddabe4dd8c0e34ac180ddb76cf3927ad48aa491c629f714f79,38836,443,TCP,66
1747810195.895469,a7467c79d4555f476eadddc2122a448801f4eed77c7cba0f2a1b6754b5c60560,f18cc54ef8a3ba4c2a230deb4df7782b15022cb5cccbaa93f8b524910986476e,443,44304,TCP,74
1747810195.895502,f18cc54ef8a3ba4c2a230deb4df7782b15022cb5cccbaa93f8b524910986476e,a7467c79d4555f476eadddc2122a448801f4eed77c7cba0f2a1b6754b5c60560,44304,443,TCP,66
1747810195.895796,f18cc54ef8a3ba4c2a230deb4df7782b15022cb5cccbaa93f8b524910986476e,a7467c79d4555f476eadddc2122a448801f4eed77c7cba0f2a1b6754b5c60560,44304,443,TCP,583
1747810195.918957,86ebea5b4140c737cc826205956a0f627d9a9f3dec0521105186460dde600773,f18cc54ef8a3ba4c2a230deb4df7782b15022cb5cccbaa93f8b524910986476e,443,54922,TCP,147
1747810195.918977,f18cc54ef8a3ba4c2a230deb4df7782b15022cb5cccbaa93f8b524910986476e,86ebea5b4140c737cc826205956a0f627d9a9f3dec0521105186460dde600773,54922,443,TCP,66
1747810196.000827,f18cc54ef8a3ba4c2a230deb4df7782b15022cb5cccbaa93f8b524910986476e,d3d551da594599ddabe4dd8c0e34ac180ddb76cf3927ad48aa491c629f714f79,38836,443,TCP,661
1747810196.002358,f18cc54ef8a3ba4c2a230deb4df7782b15022cb5cccbaa93f8b524910986476e,d3d551da594599ddabe4dd8c0e34ac180ddb76cf3927ad48aa491c629f714f79,38836,443,TCP,97
1747810196.142333,a7467c79d4555f476eadddc2122a448801f4eed77c7cba0f2a1b6754b5c60560,f18cc54ef8a3ba4c2a230deb4df7782b15022cb5cccbaa93f8b524910986476e,443,44304,TCP,66
1747810196.143939,a7467c79d4555f476eadddc2122a448801f4eed77c7cba0f2a1b6754b5c60560,f18cc54ef8a3ba4c2a230deb4df7782b15022cb5cccbaa93f8b524910986476e,443,44304,TCP,1514
1747810196.143953,f18cc54ef8a3ba4c2a230deb4df7782b15022cb5cccbaa93f8b524910986476e,a7467c79d4555f476eadddc2122a448801f4eed77c7cba0f2a1b6754b5c60560,44304,443,TCP,66
1747810196.14406,a7467c79d4555f476eadddc2122a448801f4eed77c7cba0f2a1b6754b5c60560,f18cc54ef8a3ba4c2a230deb4df7782b15022cb5cccbaa93f8b524910986476e,443,44304,TCP,2962
1747810196.14406,a7467c79d4555f476eadddc2122a448801f4eed77c7cba0f2a1b6754b5c60560,f18cc54ef8a3ba4c2a230deb4df7782b15022cb5cccbaa93f8b524910986476e,443,44304,TCP,105
1747810196.144069,f18cc54ef8a3ba4c2a230deb4df7782b15022cb5cccbaa93f8b524910986476e,a7467c79d4555f476eadddc2122a448801f4eed77c7cba0f2a1b6754b5c60560,44304,443,TCP,66
1747810196.144074,f18cc54ef8a3ba4c2a230deb4df7782b15022cb5cccbaa93f8b524910986476e,a7467c79d4555f476eadddc2122a448801f4eed77c7cba0f2a1b6754b5c60560,44304,443,TCP,66
1747810196.145372,f18cc54ef8a3ba4c2a230deb4df7782b15022cb5cccbaa93f8b524910986476e,a7467c79d4555f476eadddc2122a448801f4eed77c7cba0f2a1b6754b5c60560,44304,443,TCP,1502
1747810196.241156,d3d551da594599ddabe4dd8c0e34ac180ddb76cf3927ad48aa491c629f714f79,f18cc54ef8a3ba4c2a230deb4df7782b15022cb5cccbaa93f8b524910986476e,443,38836,TCP,66
1747810196.392275,a7467c79d4555f476eadddc2122a448801f4eed77c7cba0f2a1b6754b5c60560,f18cc54ef8a3ba4c2a230deb4df7782b15022cb5cccbaa93f8b524910986476e,443,44304,TCP,66
1747810196.392276,a7467c79d4555f476eadddc2122a448801f4eed77c7cba0f2a1b6754b5c60560,f18cc54ef8a3ba4c2a230deb4df7782b15022cb5cccbaa93f8b524910986476e,443,44304,TCP,245
1747810196.396733,a7467c79d4555f476eadddc2122a448801f4eed77c7cba0f2a1b6754b5c60560,f18cc54ef8a3ba4c2a230deb4df7782b15022cb5cccbaa93f8b524910986476e,443,44304,TCP,938
1747810196.396733,a7467c79d4555f476eadddc2122a448801f4eed77c7cba0f2a1b6754b5c60560,f18cc54ef8a3ba4c2a230deb4df7782b15022cb5cccbaa93f8b524910986476e,443,44304,TCP,90
1747810196.396733,a7467c79d4555f476eadddc2122a448801f4eed77c7cba0f2a1b6754b5c60560,f18cc54ef8a3ba4c2a230deb4df7782b15022cb5cccbaa93f8b524910986476e,443,44304,TCP,66
1747810196.396823,f18cc54ef8a3ba4c2a230deb4df7782b15022cb5cccbaa93f8b524910986476e,a7467c79d4555f476eadddc2122a448801f4eed77c7cba0f2a1b6754b5c60560,44304,443,TCP,66
1747810196.397441,f18cc54ef8a3ba4c2a230deb4df7782b15022cb5cccbaa93f8b524910986476e,a7467c79d4555f476eadddc2122a448801f4eed77c7cba0f2a1b6754b5c60560,44304,443,TCP,90
1747810196.39885,f18cc54ef8a3ba4c2a230deb4df7782b15022cb5cccbaa93f8b524910986476e,a7467c79d4555f476eadddc2122a448801f4eed77c7cba0f2a1b6754b5c60560,44304,443,TCP,66
1747810196.710413,a7467c79d4555f476eadddc2122a448801f4eed77c7cba0f2a1b6754b5c60560,f18cc54ef8a3ba4c2a230deb4df7782b15022cb5cccbaa93f8b524910986476e,443,44304,TCP,54
1747810196.710413,a7467c79d4555f476eadddc2122a448801f4eed77c7cba0f2a1b6754b5c60560,f18cc54ef8a3ba4c2a230deb4df7782b15022cb5cccbaa93f8b524910986476e,443,44304,TCP,54
1747810196.710462,d3d551da594599ddabe4dd8c0e34ac180ddb76cf3927ad48aa491c629f714f79,f18cc54ef8a3ba4c2a230deb4df7782b15022cb5cccbaa93f8b524910986476e,443,38836,TCP,650
1747810196.710462,d3d551da594599ddabe4dd8c0e34ac180ddb76cf3927ad48aa491c629f714f79,f18cc54ef8a3ba4c2a230deb4df7782b15022cb5cccbaa93f8b524910986476e,443,38836,TCP,97
1747810196.710584,f18cc54ef8a3ba4c2a230deb4df7782b15022cb5cccbaa93f8b524910986476e,d3d551da594599ddabe4dd8c0e34ac180ddb76cf3927ad48aa491c629f714f79,38836,443,TCP,66
1747810196.715096,f18cc54ef8a3ba4c2a230deb4df7782b15022cb5cccbaa93f8b524910986476e,362d648dcb0321843da5505d6bf2050885111a85aa90b2ef5dd8224dff59b651,37352,3478,UDP,162
1747810196.728035,362d648dcb0321843da5505d6bf2050885111a85aa90b2ef5dd8224dff59b651,f18cc54ef8a3ba4c2a230deb4df7782b15022cb5cccbaa93f8b524910986476e,3478,37352,UDP,106
1747810196.802466,f18cc54ef8a3ba4c2a230deb4df7782b15022cb5cccbaa93f8b524910986476e,d3d551da594599ddabe4dd8c0e34ac180ddb76cf3927ad48aa491c629f714f79,38836,443,TCP,705
1747810196.802978,f18cc54ef8a3ba4c2a230deb4df7782b15022cb5cccbaa93f8b524910986476e,d3d551da594599ddabe4dd8c0e34ac180ddb76cf3927ad48aa491c629f714f79,38836,443,TCP,97
1747810197.066813,d3d551da594599ddabe4dd8c0e34ac180ddb76cf3927ad48aa491c629f714f79,f18cc54ef8a3ba4c2a230deb4df7782b15022cb5cccbaa93f8b524910986476e,443,38836,TCP,66
1747810197.067588,d3d551da594599ddabe4dd8c0e34ac180ddb76cf3927ad48aa491c629f714f79,f18cc54ef8a3ba4c2a230deb4df7782b15022cb5cccbaa93f8b524910986476e,443,38836,TCP,578
1747810197.067588,d3d551da594599ddabe4dd8c0e34ac180ddb76cf3927ad48aa491c629f714f79,f18cc54ef8a3ba4c2a230deb4df7782b15022cb5cccbaa93f8b524910986476e,443,38836,TCP,97
1747810197.067714,f18cc54ef8a3ba4c2a230deb4df7782b15022cb5cccbaa93f8b524910986476e,d3d551da594599ddabe4dd8c0e34ac180ddb76cf3927ad48aa491c629f714f79,38836,443,TCP,66
1747810197.203439,f18cc54ef8a3ba4c2a230deb4df7782b15022cb5cccbaa93f8b524910986476e,d3d551da594599ddabe4dd8c0e34ac180ddb76cf3927ad48aa491c629f714f79,38836,443,TCP,748
1747810197.207001,f18cc54ef8a3ba4c2a230deb4df7782b15022cb5cccbaa93f8b524910986476e,d3d551da594599ddabe4dd8c0e34ac180ddb76cf3927ad48aa491c629f714f79,38836,443,TCP,97
1747810197.47023,d3d551da594599ddabe4dd8c0e34ac180ddb76cf3927ad48aa491c629f714f79,f18cc54ef8a3ba4c2a230deb4df7782b15022cb5cccbaa93f8b524910986476e,443,38836,TCP,66
1747810197.628193,d3d551da594599ddabe4dd8c0e34ac180ddb76cf3927ad48aa491c629f714f79,f18cc54ef8a3ba4c2a230deb4df7782b15022cb5cccbaa93f8b524910986476e,443,38836,TCP,479
1747810197.628194,d3d551da594599ddabe4dd8c0e34ac180ddb76cf3927ad48aa491c629f714f79,f18cc54ef8a3ba4c2a230deb4df7782b15022cb5cccbaa93f8b524910986476e,443,38836,TCP,97
1747810197.628304,f18cc54ef8a3ba4c2a230deb4df7782b15022cb5cccbaa93f8b524910986476e,d3d551da594599ddabe4dd8c0e34ac180ddb76cf3927ad48aa491c629f714f79,38836,443,TCP,66
1747810197.828389,f18cc54ef8a3ba4c2a230deb4df7782b15022cb5cccbaa93f8b524910986476e,d3d551da594599ddabe4dd8c0e34ac180ddb76cf3927ad48aa491c629f714f79,38836,443,TCP,1514
1747810197.828399,f18cc54ef8a3ba4c2a230deb4df7782b15022cb5cccbaa93f8b524910986476e,d3d551da594599ddabe4dd8c0e34ac180ddb76cf3927ad48aa491c629f714f79,38836,443,TCP,1514
1747810197.828407,f18cc54ef8a3ba4c2a230deb4df7782b15022cb5cccbaa93f8b524910986476e,d3d551da594599ddabe4dd8c0e34ac180ddb76cf3927ad48aa491c629f714f79,38836,443,TCP,1514
1747810197.828409,f18cc54ef8a3ba4c2a230deb4df7782b15022cb5cccbaa93f8b524910986476e,d3d551da594599ddabe4dd8c0e34ac180ddb76cf3927ad48aa491c629f714f79,38836,443,TCP,1514
1747810197.831028,f18cc54ef8a3ba4c2a230deb4df7782b15022cb5cccbaa93f8b524910986476e,d3d551da594599ddabe4dd8c0e34ac180ddb76cf3927ad48aa491c629f714f79,38836,443,TCP,1514
1747810197.831034,f18cc54ef8a3ba4c2a230deb4df7782b15022cb5cccbaa93f8b524910986476e,d3d551da594599ddabe4dd8c0e34ac180ddb76cf3927ad48aa491c629f714f79,38836,443,TCP,1514
1747810197.831972,f18cc54ef8a3ba4c2a230deb4df7782b15022cb5cccbaa93f8b524910986476e,d3d551da594599ddabe4dd8c0e34ac180ddb76cf3927ad48aa491c629f714f79,38836,443,TCP,1514
1747810197.831975,f18cc54ef8a3ba4c2a230deb4df7782b15022cb5cccbaa93f8b524910986476e,d3d551da594599ddabe4dd8c0e34ac180ddb76cf3927ad48aa491c629f714f79,38836,443,TCP,1514
1747810197.833216,f18cc54ef8a3ba4c2a230deb4df7782b15022cb5cccbaa93f8b524910986476e,d3d551da594599ddabe4dd8c0e34ac180ddb76cf3927ad48aa491c629f714f79,38836,443,TCP,1514
1747810197.833218,f18cc54ef8a3ba4c2a230deb4df7782b15022cb5cccbaa93f8b524910986476e,d3d551da594599ddabe4dd8c0e34ac180ddb76cf3927ad48aa491c629f714f79,38836,443,TCP,1514
1747810198.119178,d3d551da594599ddabe4dd8c0e34ac180ddb76cf3927ad48aa491c629f714f79,f18cc54ef8a3ba4c2a230deb4df7782b15022cb5cccbaa93f8b524910986476e,443,38836,TCP,66
1747810198.119179,d3d551da594599ddabe4dd8c0e34ac180ddb76cf3927ad48aa491c629f714f79,f18cc54ef8a3ba4c2a230deb4df7782b15022cb5cccbaa93f8b524910986476e,443,38836,TCP,66
1747810198.119179,d3d551da594599ddabe4dd8c0e34ac180ddb76cf3927ad48aa491c629f714f79,f18cc54ef8a3ba4c2a230deb4df7782b15022cb5cccbaa93f8b524910986476e,443,38836,TCP,66
1747810198.119179,d3d551da594599ddabe4dd8c0e34ac180ddb76cf3927ad48aa491c629f714f79,f18cc54ef8a3ba4c2a230deb4df7782b15022cb5cccbaa93f8b524910986476e,443,38836,TCP,66
1747810198.119179,d3d551da594599ddabe4dd8c0e34ac180ddb76cf3927ad48aa491c629f714f79,f18cc54ef8a3ba4c2a230deb4df7782b15022cb5cccbaa93f8b524910986476e,443,38836,TCP,66
1747810198.119231,f18cc54ef8a3ba4c2a230deb4df7782b15022cb5cccbaa93f8b524910986476e,d3d551da594599ddabe4dd8c0e34ac180ddb76cf3927ad48aa491c629f714f79,38836,443,TCP,1514
1747810198.119236,f18cc54ef8a3ba4c2a230deb4df7782b15022cb5cccbaa93f8b524910986476e,d3d551da594599ddabe4dd8c0e34ac180ddb76cf3927ad48aa491c629f714f79,38836,443,TCP,1514
1747810198.119254,f18cc54ef8a3ba4c2a230deb4df7782b15022cb5cccbaa93f8b524910986476e,d3d551da594599ddabe4dd8c0e34ac180ddb76cf3927ad48aa491c629f714f79,38836,443,TCP,1514
1747810198.119255,f18cc54ef8a3ba4c2a230deb4df7782b15022cb5cccbaa93f8b524910986476e,d3d551da594599ddabe4dd8c0e34ac180ddb76cf3927ad48aa491c629f714f79,38836,443,TCP,1514
1747810198.122971,f18cc54ef8a3ba4c2a230deb4df7782b15022cb5cccbaa93f8b524910986476e,d3d551da594599ddabe4dd8c0e34ac180ddb76cf3927ad48aa491c629f714f79,38836,443,TCP,1514
1747810198.122976,f18cc54ef8a3ba4c2a230deb4df7782b15022cb5cccbaa93f8b524910986476e,d3d551da594599ddabe4dd8c0e34ac180ddb76cf3927ad48aa491c629f714f79,38836,443,TCP,1514
1747810198.124452,f18cc54ef8a3ba4c2a230deb4df7782b15022cb5cccbaa93f8b524910986476e,d3d551da594599ddabe4dd8c0e34ac180ddb76cf3927ad48aa491c629f714f79,38836,443,TCP,1514
1747810198.124456,f18cc54ef8a3ba4c2a230deb4df7782b15022cb5cccbaa93f8b524910986476e,d3d551da594599ddabe4dd8c0e34ac180ddb76cf3927ad48aa491c629f714f79,38836,443,TCP,1514
1747810198.125342,f18cc54ef8a3ba4c2a230deb4df7782b15022cb5cccbaa93f8b524910986476e,d3d551da594599ddabe4dd8c0e34ac180ddb76cf3927ad48aa491c629f714f79,38836,443,TCP,1514
1747810198.125344,f18cc54ef8a3ba4c2a230deb4df7782b15022cb5cccbaa93f8b524910986476e,d3d551da594599ddabe4dd8c0e34ac180ddb76cf3927ad48aa491c629f714f79,38836,443,TCP,1514
1747810198.126297,f18cc54ef8a3ba4c2a230deb4df7782b15022cb5cccbaa93f8b524910986476e,d3d551da594599ddabe4dd8c0e34ac180ddb76cf3927ad48aa491c629f714f79,38836,443,TCP,1514
1747810198.126299,f18cc54ef8a3ba4c2a230deb4df7782b15022cb5cccbaa93f8b524910986476e,d3d551da594599ddabe4dd8c0e34ac180ddb76cf3927ad48aa491c629f714f79,38836,443,TCP,1514
1747810198.127231,f18cc54ef8a3ba4c2a230deb4df7782b15022cb5cccbaa93f8b524910986476e,d3d551da594599ddabe4dd8c0e34ac180ddb76cf3927ad48aa491c629f714f79,38836,443,TCP,1514
1747810198.127234,f18cc54ef8a3ba4c2a230deb4df7782b15022cb5cccbaa93f8b524910986476e,d3d551da594599ddabe4dd8c0e34ac180ddb76cf3927ad48aa491c629f714f79,38836,443,TCP,1514
1747810198.128597,f18cc54ef8a3ba4c2a230deb4df7782b15022cb5cccbaa93f8b524910986476e,d3d551da594599ddabe4dd8c0e34ac180ddb76cf3927ad48aa491c629f714f79,38836,443,TCP,1514
1747810198.128599,f18cc54ef8a3ba4c2a230deb4df7782b15022cb5cccbaa93f8b524910986476e,d3d551da594599ddabe4dd8c0e34ac180ddb76cf3927ad48aa491c629f714f79,38836,443,TCP,1514
1747810198.129496,f18cc54ef8a3ba4c2a230deb4df7782b15022cb5cccbaa93f8b524910986476e,d3d551da594599ddabe4dd8c0e34ac180ddb76cf3927ad48aa491c629f714f79,38836,443,TCP,1514
1747810198.129498,f18cc54ef8a3ba4c2a230deb4df7782b15022cb5cccbaa93f8b524910986476e,d3d551da594599ddabe4dd8c0e34ac180ddb76cf3927ad48aa491c629f714f79,38836,443,TCP,1514
1747810198.130483,f18cc54ef8a3ba4c2a230deb4df7782b15022cb5cccbaa93f8b524910986476e,d3d551da594599ddabe4dd8c0e34ac180ddb76cf3927ad48aa491c629f714f79,38836,443,TCP,1514
1747810198.130487,f18cc54ef8a3ba4c2a230deb4df7782b15022cb5cccbaa93f8b524910986476e,d3d551da594599ddabe4dd8c0e34ac180ddb76cf3927ad48aa491c629f714f79,38836,443,TCP,1514
1747810198.363194,d3d551da594599ddabe4dd8c0e34ac180ddb76cf3927ad48aa491c629f714f79,f18cc54ef8a3ba4c2a230deb4df7782b15022cb5cccbaa93f8b524910986476e,443,38836,TCP,66
1747810198.363195,d3d551da594599ddabe4dd8c0e34ac180ddb76cf3927ad48aa491c629f714f79,f18cc54ef8a3ba4c2a230deb4df7782b15022cb5cccbaa93f8b524910986476e,443,38836,TCP,101
1747810198.363195,d3d551da594599ddabe4dd8c0e34ac180ddb76cf3927ad48aa491c629f714f79,f18cc54ef8a3ba4c2a230deb4df7782b15022cb5cccbaa93f8b524910986476e,443,38836,TCP,66
1747810198.363227,f18cc54ef8a3ba4c2a230deb4df7782b15022cb5cccbaa93f8b524910986476e,d3d551da594599ddabe4dd8c0e34ac180ddb76cf3927ad48aa491c629f714f79,38836,443,TCP,1514
1747810198.363232,f18cc54ef8a3ba4c2a230deb4df7782b15022cb5cccbaa93f8b524910986476e,d3d551da594599ddabe4dd8c0e34ac180ddb76cf3927ad48aa491c629f714f79,38836,443,TCP,1514
1747810198.363259,d3d551da594599ddabe4dd8c0e34ac180ddb76cf3927ad48aa491c629f714f79,f18cc54ef8a3ba4c2a230deb4df7782b15022cb5cccbaa93f8b524910986476e,443,38836,TCP,66
1747810198.363259,d3d551da594599ddabe4dd8c0e34ac180ddb76cf3927ad48aa491c629f714f79,f18cc54ef8a3ba4c2a230deb4df7782b15022cb5cccbaa93f8b524910986476e,443,38836,TCP,66
1747810198.363259,d3d551da594599ddabe4dd8c0e34ac180ddb76cf3927ad48aa491c629f714f79,f18cc54ef8a3ba4c2a230deb4df7782b15022cb5cccbaa93f8b524910986476e,443,38836,TCP,66
1747810198.363259,d3d551da594599ddabe4dd8c0e34ac180ddb76cf3927ad48aa491c629f714f79,f18cc54ef8a3ba4c2a230deb4df7782b15022cb5cccbaa93f8b524910986476e,443,38836,TCP,66
1747810198.363259,d3d551da594599ddabe4dd8c0e34ac180ddb76cf3927ad48aa491c629f714f79,f18cc54ef8a3ba4c2a230deb4df7782b15022cb5cccbaa93f8b524910986476e,443,38836,TCP,66
1747810198.363259,d3d551da594599ddabe4dd8c0e34ac180ddb76cf3927ad48aa491c629f714f79,f18cc54ef8a3ba4c2a230deb4df7782b15022cb5cccbaa93f8b524910986476e,443,38836,TCP,66
1747810198.363259,d3d551da594599ddabe4dd8c0e34ac180ddb76cf3927ad48aa491c629f714f79,f18cc54ef8a3ba4c2a230deb4df7782b15022cb5cccbaa93f8b524910986476e,443,38836,TCP,101
1747810198.363259,d3d551da594599ddabe4dd8c0e34ac180ddb76cf3927ad48aa491c629f714f79,f18cc54ef8a3ba4c2a230deb4df7782b15022cb5cccbaa93f8b524910986476e,443,38836,TCP,66
1747810198.363288,f18cc54ef8a3ba4c2a230deb4df7782b15022cb5cccbaa93f8b524910986476e,d3d551da594599ddabe4dd8c0e34ac180ddb76cf3927ad48aa491c629f714f79,38836,443,TCP,1514
1747810198.36329,f18cc54ef8a3ba4c2a230deb4df7782b15022cb5cccbaa93f8b524910986476e,d3d551da594599ddabe4dd8c0e34ac180ddb76cf3927ad48aa491c629f714f79,38836,443,TCP,1514
1747810198.364394,f18cc54ef8a3ba4c2a230deb4df7782b15022cb5cccbaa93f8b524910986476e,d3d551da594599ddabe4dd8c0e34ac180ddb76cf3927ad48aa491c629f714f79,38836,443,TCP,1514
1747810198.364398,f18cc54ef8a3ba4c2a230deb4df7782b15022cb5cccbaa93f8b524910986476e,d3d551da594599ddabe4dd8c0e34ac180ddb76cf3927ad48aa491c629f714f79,38836,443,TCP,1514
1747810198.365627,f18cc54ef8a3ba4c2a230deb4df7782b15022cb5cccbaa93f8b524910986476e,d3d551da594599ddabe4dd8c0e34ac180ddb76cf3927ad48aa491c629f714f79,38836,443,TCP,1514
1747810198.365629,f18cc54ef8a3ba4c2a230deb4df7782b15022cb5cccbaa93f8b524910986476e,d3d551da594599ddabe4dd8c0e34ac180ddb76cf3927ad48aa491c629f714f79,38836,443,TCP,1514
1747810198.366394,f18cc54ef8a3ba4c2a230deb4df7782b15022cb5cccbaa93f8b524910986476e,d3d551da594599ddabe4dd8c0e34ac180ddb76cf3927ad48aa491c629f714f79,38836,443,TCP,1514
1747810198.366397,f18cc54ef8a3ba4c2a230deb4df7782b15022cb5cccbaa93f8b524910986476e,d3d551da594599ddabe4dd8c0e34ac180ddb76cf3927ad48aa491c629f714f79,38836,443,TCP,1514
1747810198.36722,f18cc54ef8a3ba4c2a230deb4df7782b15022cb5cccbaa93f8b524910986476e,d3d551da594599ddabe4dd8c0e34ac180ddb76cf3927ad48aa491c629f714f79,38836,443,TCP,1514
1747810198.367221,f18cc54ef8a3ba4c2a230deb4df7782b15022cb5cccbaa93f8b524910986476e,d3d551da594599ddabe4dd8c0e34ac180ddb76cf3927ad48aa491c629f714f79,38836,443,TCP,1514
1747810198.367991,f18cc54ef8a3ba4c2a230deb4df7782b15022cb5cccbaa93f8b524910986476e,d3d551da594599ddabe4dd8c0e34ac180ddb76cf3927ad48aa491c629f714f79,38836,443,TCP,1514
1747810198.367993,f18cc54ef8a3ba4c2a230deb4df7782b15022cb5cccbaa93f8b524910986476e,d3d551da594599ddabe4dd8c0e34ac180ddb76cf3927ad48aa491c629f714f79,38836,443,TCP,1514
1747810198.369724,f18cc54ef8a3ba4c2a230deb4df7782b15022cb5cccbaa93f8b524910986476e,d3d551da594599ddabe4dd8c0e34ac180ddb76cf3927ad48aa491c629f714f79,38836,443,TCP,1514
1747810198.369726,f18cc54ef8a3ba4c2a230deb4df7782b15022cb5cccbaa93f8b524910986476e,d3d551da594599ddabe4dd8c0e34ac180ddb76cf3927ad48aa491c629f714f79,38836,443,TCP,1514
1747810198.370584,f18cc54ef8a3ba4c2a230deb4df7782b15022cb5cccbaa93f8b524910986476e,d3d551da594599ddabe4dd8c0e34ac180ddb76cf3927ad48aa491c629f714f79,38836,443,TCP,1514
1747810198.370586,f18cc54ef8a3ba4c2a230deb4df7782b15022cb5cccbaa93f8b524910986476e,d3d551da594599ddabe4dd8c0e34ac180ddb76cf3927ad48aa491c629f714f79,38836,443,TCP,1514
1747810198.371417,f18cc54ef8a3ba4c2a230deb4df7782b15022cb5cccbaa93f8b524910986476e,d3d551da594599ddabe4dd8c0e34ac180ddb76cf3927ad48aa491c629f714f79,38836,443,TCP,1514
1747810198.371419,f18cc54ef8a3ba4c2a230deb4df7782b15022cb5cccbaa93f8b524910986476e,d3d551da594599ddabe4dd8c0e34ac180ddb76cf3927ad48aa491c629f714f79,38836,443,TCP,1514
1747810198.372289,f18cc54ef8a3ba4c2a230deb4df7782b15022cb5cccbaa93f8b524910986476e,d3d551da594599ddabe4dd8c0e34ac180ddb76cf3927ad48aa491c629f714f79,38836,443,TCP,1514
1747810198.372293,f18cc54ef8a3ba4c2a230deb4df7782b15022cb5cccbaa93f8b524910986476e,d3d551da594599ddabe4dd8c0e34ac180ddb76cf3927ad48aa491c629f714f79,38836,443,TCP,1514
1747810198.373048,f18cc54ef8a3ba4c2a230deb4df7782b15022cb5cccbaa93f8b524910986476e,d3d551da594599ddabe4dd8c0e34ac180ddb76cf3927ad48aa491c629f714f79,38836,443,TCP,1514
1747810198.373051,f18cc54ef8a3ba4c2a230deb4df7782b15022cb5cccbaa93f8b524910986476e,d3d551da594599ddabe4dd8c0e34ac180ddb76cf3927ad48aa491c629f714f79,38836,443,TCP,1514
1747810198.374678,f18cc54ef8a3ba4c2a230deb4df7782b15022cb5cccbaa93f8b524910986476e,d3d551da594599ddabe4dd8c0e34ac180ddb76cf3927ad48aa491c629f714f79,38836,443,TCP,1514
1747810198.374682,f18cc54ef8a3ba4c2a230deb4df7782b15022cb5cccbaa93f8b524910986476e,d3d551da594599ddabe4dd8c0e34ac180ddb76cf3927ad48aa491c629f714f79,38836,443,TCP,1514
1747810198.376122,f18cc54ef8a3ba4c2a230deb4df7782b15022cb5cccbaa93f8b524910986476e,d3d551da594599ddabe4dd8c0e34ac180ddb76cf3927ad48aa491c629f714f79,38836,443,TCP,1514
1747810198.376125,f18cc54ef8a3ba4c2a230deb4df7782b15022cb5cccbaa93f8b524910986476e,d3d551da594599ddabe4dd8c0e34ac180ddb76cf3927ad48aa491c629f714f79,38836,443,TCP,1514
1747810198.376897,f18cc54ef8a3ba4c2a230deb4df7782b15022cb5cccbaa93f8b524910986476e,d3d551da594599ddabe4dd8c0e34ac180ddb76cf3927ad48aa491c629f714f79,38836,443,TCP,1514
1747810198.376902,f18cc54ef8a3ba4c2a230deb4df7782b15022cb5cccbaa93f8b524910986476e,d3d551da594599ddabe4dd8c0e34ac180ddb76cf3927ad48aa491c629f714f79,38836,443,TCP,1514
1747810198.377914,f18cc54ef8a3ba4c2a230deb4df7782b15022cb5cccbaa93f8b524910986476e,d3d551da594599ddabe4dd8c0e34ac180ddb76cf3927ad48aa491c629f714f79,38836,443,TCP,286
1747810198.621172,d3d551da594599ddabe4dd8c0e34ac180ddb76cf3927ad48aa491c629f714f79,f18cc54ef8a3ba4c2a230deb4df7782b15022cb5cccbaa93f8b524910986476e,443,38836,TCP,66
1747810198.621222,d3d551da594599ddabe4dd8c0e34ac180ddb76cf3927ad48aa491c629f714f79,f18cc54ef8a3ba4c2a230deb4df7782b15022cb5cccbaa93f8b524910986476e,443,38836,TCP,78
1747810198.621222,d3d551da594599ddabe4dd8c0e34ac180ddb76cf3927ad48aa491c629f714f79,f18cc54ef8a3ba4c2a230deb4df7782b15022cb5cccbaa93f8b524910986476e,443,38836,TCP,66
1747810198.621222,d3d551da594599ddabe4dd8c0e34ac180ddb76cf3927ad48aa491c629f714f79,f18cc54ef8a3ba4c2a230deb4df7782b15022cb5cccbaa93f8b524910986476e,443,38836,TCP,66
1747810198.621222,d3d551da594599ddabe4dd8c0e34ac180ddb76cf3927ad48aa491c629f714f79,f18cc54ef8a3ba4c2a230deb4df7782b15022cb5cccbaa93f8b524910986476e,443,38836,TCP,66
1747810198.621222,d3d551da594599ddabe4dd8c0e34ac180ddb76cf3927ad48aa491c629f714f79,f18cc54ef8a3ba4c2a230deb4df7782b15022cb5cccbaa93f8b524910986476e,443,38836,TCP,66
1747810198.621222,d3d551da594599ddabe4dd8c0e34ac180ddb76cf3927ad48aa491c629f714f79,f18cc54ef8a3ba4c2a230deb4df7782b15022cb5cccbaa93f8b524910986476e,443,38836,TCP,101
1747810198.621222,d3d551da594599ddabe4dd8c0e34ac180ddb76cf3927ad48aa491c629f714f79,f18cc54ef8a3ba4c2a230deb4df7782b15022cb5cccbaa93f8b524910986476e,443,38836,TCP,66
1747810198.621222,d3d551da594599ddabe4dd8c0e34ac180ddb76cf3927ad48aa491c629f714f79,f18cc54ef8a3ba4c2a230deb4df7782b15022cb5cccbaa93f8b524910986476e,443,38836,TCP,66
1747810198.621257,d3d551da594599ddabe4dd8c0e34ac180ddb76cf3927ad48aa491c629f714f79,f18cc54ef8a3ba4c2a230deb4df7782b15022cb5cccbaa93f8b524910986476e,443,38836,TCP,66
1747810198.621257,d3d551da594599ddabe4dd8c0e34ac180ddb76cf3927ad48aa491c629f714f79,f18cc54ef8a3ba4c2a230deb4df7782b15022cb5cccbaa93f8b524910986476e,443,38836,TCP,66
1747810198.621257,d3d551da594599ddabe4dd8c0e34ac180ddb76cf3927ad48aa491c629f714f79,f18cc54ef8a3ba4c2a230deb4df7782b15022cb5cccbaa93f8b524910986476e,443,38836,TCP,66
1747810198.621257,d3d551da594599ddabe4dd8c0e34ac180ddb76cf3927ad48aa491c629f714f79,f18cc54ef8a3ba4c2a230deb4df7782b15022cb5cccbaa93f8b524910986476e,443,38836,TCP,66
1747810198.621257,d3d551da594599ddabe4dd8c0e34ac180ddb76cf3927ad48aa491c629f714f79,f18cc54ef8a3ba4c2a230deb4df7782b15022cb5cccbaa93f8b524910986476e,443,38836,TCP,101
1747810198.621257,d3d551da594599ddabe4dd8c0e34ac180ddb76cf3927ad48aa491c629f714f79,f18cc54ef8a3ba4c2a230deb4df7782b15022cb5cccbaa93f8b524910986476e,443,38836,TCP,66
1747810198.621257,d3d551da594599ddabe4dd8c0e34ac180ddb76cf3927ad48aa491c629f714f79,f18cc54ef8a3ba4c2a230deb4df7782b15022cb5cccbaa93f8b524910986476e,443,38836,TCP,66
1747810198.621257,d3d551da594599ddabe4dd8c0e34ac180ddb76cf3927ad48aa491c629f714f79,f18cc54ef8a3ba4c2a230deb4df7782b15022cb5cccbaa93f8b524910986476e,443,38836,TCP,66
1747810198.621282,d3d551da594599ddabe4dd8c0e34ac180ddb76cf3927ad48aa491c629f714f79,f18cc54ef8a3ba4c2a230deb4df7782b15022cb5cccbaa93f8b524910986476e,443,38836,TCP,66
1747810198.621282,d3d551da594599ddabe4dd8c0e34ac180ddb76cf3927ad48aa491c629f714f79,f18cc54ef8a3ba4c2a230deb4df7782b15022cb5cccbaa93f8b524910986476e,443,38836,TCP,101
1747810198.621333,f18cc54ef8a3ba4c2a230deb4df7782b15022cb5cccbaa93f8b524910986476e,d3d551da594599ddabe4dd8c0e34ac180ddb76cf3927ad48aa491c629f714f79,38836,443,TCP,66
1747810198.774763,d90d72ecf07e06c273a9f2383f8c64eb5d0a8bd4dc92bbb867ad25a086ca158a,f18cc54ef8a3ba4c2a230deb4df7782b15022cb5cccbaa93f8b524910986476e,443,47730,TCP,105
1747810198.774911,f18cc54ef8a3ba4c2a230deb4df7782b15022cb5cccbaa93f8b524910986476e,d90d72ecf07e06c273a9f2383f8c64eb5d0a8bd4dc92bbb867ad25a086ca158a,47730,443,TCP,66
1747810199.031747,d90d72ecf07e06c273a9f2383f8c64eb5d0a8bd4dc92bbb867ad25a086ca158a,f18cc54ef8a3ba4c2a230deb4df7782b15022cb5cccbaa93f8b524910986476e,443,47730,TCP,90
1747810199.031748,d90d72ecf07e06c273a9f2383f8c64eb5d0a8bd4dc92bbb867ad25a086ca158a,f18cc54ef8a3ba4c2a230deb4df7782b15022cb5cccbaa93f8b524910986476e,443,47730,TCP,66
1747810199.03179,f18cc54ef8a3ba4c2a230deb4df7782b15022cb5cccbaa93f8b524910986476e,d90d72ecf07e06c273a9f2383f8c64eb5d0a8bd4dc92bbb867ad25a086ca158a,47730,443,TCP,54
1747810199.031801,f18cc54ef8a3ba4c2a230deb4df7782b15022cb5cccbaa93f8b524910986476e,d90d72ecf07e06c273a9f2383f8c64eb5d0a8bd4dc92bbb867ad25a086ca158a,47730,443,TCP,54
1747810200.501929,d3d551da594599ddabe4dd8c0e34ac180ddb76cf3927ad48aa491c629f714f79,f18cc54ef8a3ba4c2a230deb4df7782b15022cb5cccbaa93f8b524910986476e,443,38836,TCP,328
1747810200.50193,d3d551da594599ddabe4dd8c0e34ac180ddb76cf3927ad48aa491c629f714f79,f18cc54ef8a3ba4c2a230deb4df7782b15022cb5cccbaa93f8b524910986476e,443,38836,TCP,97
1747810200.502057,f18cc54ef8a3ba4c2a230deb4df7782b15022cb5cccbaa93f8b524910986476e,d3d551da594599ddabe4dd8c0e34ac180ddb76cf3927ad48aa491c629f714f79,38836,443,TCP,66
1747810200.505845,f18cc54ef8a3ba4c2a230deb4df7782b15022cb5cccbaa93f8b524910986476e,d3d551da594599ddabe4dd8c0e34ac180ddb76cf3927ad48aa491c629f714f79,38836,443,TCP,789
1747810200.507041,f18cc54ef8a3ba4c2a230deb4df7782b15022cb5cccbaa93f8b524910986476e,d3d551da594599ddabe4dd8c0e34ac180ddb76cf3927ad48aa491c629f714f79,38836,443,TCP,97
1747810200.548776,f18cc54ef8a3ba4c2a230deb4df7782b15022cb5cccbaa93f8b524910986476e,86ebea5b4140c737cc826205956a0f627d9a9f3dec0521105186460dde600773,54922,443,TCP,453
1747810200.549631,f18cc54ef8a3ba4c2a230deb4df7782b15022cb5cccbaa93f8b524910986476e,86ebea5b4140c737cc826205956a0f627d9a9f3dec0521105186460dde600773,54922,443,TCP,97
1747810200.586414,86ebea5b4140c737cc826205956a0f627d9a9f3dec0521105186460dde600773,f18cc54ef8a3ba4c2a230deb4df7782b15022cb5cccbaa93f8b524910986476e,443,54922,TCP,66
1747810200.586909,86ebea5b4140c737cc826205956a0f627d9a9f3dec0521105186460dde600773,f18cc54ef8a3ba4c2a230deb4df7782b15022cb5cccbaa93f8b524910986476e,443,54922,TCP,66
1747810200.748053,d3d551da594599ddabe4dd8c0e34ac180ddb76cf3927ad48aa491c629f714f79,f18cc54ef8a3ba4c2a230deb4df7782b15022cb5cccbaa93f8b524910986476e,443,38836,TCP,101
1747810200.756047,d3d551da594599ddabe4dd8c0e34ac180ddb76cf3927ad48aa491c629f714f79,f18cc54ef8a3ba4c2a230deb4df7782b15022cb5cccbaa93f8b524910986476e,443,38836,TCP,317
1747810200.756112,f18cc54ef8a3ba4c2a230deb4df7782b15022cb5cccbaa93f8b524910986476e,d3d551da594599ddabe4dd8c0e34ac180ddb76cf3927ad48aa491c629f714f79,38836,443,TCP,66
1747810200.761129,f18cc54ef8a3ba4c2a230deb4df7782b15022cb5cccbaa93f8b524910986476e,d3d551da594599ddabe4dd8c0e34ac180ddb76cf3927ad48aa491c629f714f79,38836,443,TCP,1051
1747810200.761694,f18cc54ef8a3ba4c2a230deb4df7782b15022cb5cccbaa93f8b524910986476e,d3d551da594599ddabe4dd8c0e34ac180ddb76cf3927ad48aa491c629f714f79,38836,443,TCP,97
1747810200.922567,86ebea5b4140c737cc826205956a0f627d9a9f3dec0521105186460dde600773,f18cc54ef8a3ba4c2a230deb4df7782b15022cb5cccbaa93f8b524910986476e,443,54922,TCP,147
1747810200.922589,f18cc54ef8a3ba4c2a230deb4df7782b15022cb5cccbaa93f8b524910986476e,86ebea5b4140c737cc826205956a0f627d9a9f3dec0521105186460dde600773,54922,443,TCP,66
1747810200.99495,d3d551da594599ddabe4dd8c0e34ac180ddb76cf3927ad48aa491c629f714f79,f18cc54ef8a3ba4c2a230deb4df7782b15022cb5cccbaa93f8b524910986476e,443,38836,TCP,66
1747810201.305631,d3d551da594599ddabe4dd8c0e34ac180ddb76cf3927ad48aa491c629f714f79,f18cc54ef8a3ba4c2a230deb4df7782b15022cb5cccbaa93f8b524910986476e,443,38836,TCP,317
1747810201.346146,f18cc54ef8a3ba4c2a230deb4df7782b15022cb5cccbaa93f8b524910986476e,d3d551da594599ddabe4dd8c0e34ac180ddb76cf3927ad48aa491c629f714f79,38836,443,TCP,66
1747810201.749358,f18cc54ef8a3ba4c2a230deb4df7782b15022cb5cccbaa93f8b524910986476e,8213589b6a396c01883967ef6e9259f874e6e04294b7745e948bdccd81bd5834,35232,53,UDP,70
1747810201.759405,8213589b6a396c01883967ef6e9259f874e6e04294b7745e948bdccd81bd5834,f18cc54ef8a3ba4c2a230deb4df7782b15022cb5cccbaa93f8b524910986476e,53,35232,UDP,86
1747810201.75947,f18cc54ef8a3ba4c2a230deb4df7782b15022cb5cccbaa93f8b524910986476e,8213589b6a396c01883967ef6e9259f874e6e04294b7745e948bdccd81bd5834,46225,53,UDP,70
1747810201.761455,8213589b6a396c01883967ef6e9259f874e6e04294b7745e948bdccd81bd5834,f18cc54ef8a3ba4c2a230deb4df7782b15022cb5cccbaa93f8b524910986476e,53,46225,UDP,98
1747810205.549626,f18cc54ef8a3ba4c2a230deb4df7782b15022cb5cccbaa93f8b524910986476e,86ebea5b4140c737cc826205956a0f627d9a9f3dec0521105186460dde600773,54922,443,TCP,426
1747810205.550616,f18cc54ef8a3ba4c2a230deb4df7782b15022cb5cccbaa93f8b524910986476e,86ebea5b4140c737cc826205956a0f627d9a9f3dec0521105186460dde600773,54922,443,TCP,97
1747810205.612983,86ebea5b4140c737cc826205956a0f627d9a9f3dec0521105186460dde600773,f18cc54ef8a3ba4c2a230deb4df7782b15022cb5cccbaa93f8b524910986476e,443,54922,TCP,66
1747810205.612983,86ebea5b4140c737cc826205956a0f627d9a9f3dec0521105186460dde600773,f18cc54ef8a3ba4c2a230deb4df7782b15022cb5cccbaa93f8b524910986476e,443,54922,TCP,101
1747810205.612983,86ebea5b4140c737cc826205956a0f627d9a9f3dec0521105186460dde600773,f18cc54ef8a3ba4c2a230deb4df7782b15022cb5cccbaa93f8b524910986476e,443,54922,TCP,101
1747810205.613041,f18cc54ef8a3ba4c2a230deb4df7782b15022cb5cccbaa93f8b524910986476e,86ebea5b4140c737cc826205956a0f627d9a9f3dec0521105186460dde600773,54922,443,TCP,66
1747810205.613062,f18cc54ef8a3ba4c2a230deb4df7782b15022cb5cccbaa93f8b524910986476e,86ebea5b4140c737cc826205956a0f627d9a9f3dec0521105186460dde600773,54922,443,TCP,66
1747810205.683441,86ebea5b4140c737cc826205956a0f627d9a9f3dec0521105186460dde600773,f18cc54ef8a3ba4c2a230deb4df7782b15022cb5cccbaa93f8b524910986476e,443,54922,TCP,66
1747810206.051974,86ebea5b4140c737cc826205956a0f627d9a9f3dec0521105186460dde600773,f18cc54ef8a3ba4c2a230deb4df7782b15022cb5cccbaa93f8b524910986476e,443,54922,TCP,147
1747810206.052014,f18cc54ef8a3ba4c2a230deb4df7782b15022cb5cccbaa93f8b524910986476e,86ebea5b4140c737cc826205956a0f627d9a9f3dec0521105186460dde600773,54922,443,TCP,66
1747810209.079402,f18cc54ef8a3ba4c2a230deb4df7782b15022cb5cccbaa93f8b524910986476e,8213589b6a396c01883967ef6e9259f874e6e04294b7745e948bdccd81bd5834,44195,53,UDP,75
1747810209.140382,8213589b6a396c01883967ef6e9259f874e6e04294b7745e948bdccd81bd5834,f18cc54ef8a3ba4c2a230deb4df7782b15022cb5cccbaa93f8b524910986476e,53,44195,UDP,368
1747810209.140461,f18cc54ef8a3ba4c2a230deb4df7782b15022cb5cccbaa93f8b524910986476e,8213589b6a396c01883967ef6e9259f874e6e04294b7745e948bdccd81bd5834,50051,53,UDP,75
1747810209.141871,8213589b6a396c01883967ef6e9259f874e6e04294b7745e948bdccd81bd5834,f18cc54ef8a3ba4c2a230deb4df7782b15022cb5cccbaa93f8b524910986476e,53,50051,UDP,224
1747810210.549054,f18cc54ef8a3ba4c2a230deb4df7782b15022cb5cccbaa93f8b524910986476e,86ebea5b4140c737cc826205956a0f627d9a9f3dec0521105186460dde600773,54922,443,TCP,613
1747810210.549561,f18cc54ef8a3ba4c2a230deb4df7782b15022cb5cccbaa93f8b524910986476e,86ebea5b4140c737cc826205956a0f627d9a9f3dec0521105186460dde600773,54922,443,TCP,97
1747810210.655076,86ebea5b4140c737cc826205956a0f627d9a9f3dec0521105186460dde600773,f18cc54ef8a3ba4c2a230deb4df7782b15022cb5cccbaa93f8b524910986476e,443,54922,TCP,66
1747810210.655293,86ebea5b4140c737cc826205956a0f627d9a9f3dec0521105186460dde600773,f18cc54ef8a3ba4c2a230deb4df7782b15022cb5cccbaa93f8b524910986476e,443,54922,TCP,66
1747810210.959088,86ebea5b4140c737cc826205956a0f627d9a9f3dec0521105186460dde600773,f18cc54ef8a3ba4c2a230deb4df7782b15022cb5cccbaa93f8b524910986476e,443,54922,TCP,147
1747810210.959111,f18cc54ef8a3ba4c2a230deb4df7782b15022cb5cccbaa93f8b524910986476e,86ebea5b4140c737cc826205956a0f627d9a9f3dec0521105186460dde600773,54922,443,TCP,66
1747810215.548869,f18cc54ef8a3ba4c2a230deb4df7782b15022cb5cccbaa93f8b524910986476e,86ebea5b4140c737cc826205956a0f627d9a9f3dec0521105186460dde600773,54922,443,TCP,426
1747810215.549353,f18cc54ef8a3ba4c2a230deb4df7782b15022cb5cccbaa93f8b524910986476e,86ebea5b4140c737cc826205956a0f627d9a9f3dec0521105186460dde600773,54922,443,TCP,97
1747810215.635292,86ebea5b4140c737cc826205956a0f627d9a9f3dec0521105186460dde600773,f18cc54ef8a3ba4c2a230deb4df7782b15022cb5cccbaa93f8b524910986476e,443,54922,TCP,66
1747810215.635292,86ebea5b4140c737cc826205956a0f627d9a9f3dec0521105186460dde600773,f18cc54ef8a3ba4c2a230deb4df7782b15022cb5cccbaa93f8b524910986476e,443,54922,TCP,66
1747810215.635292,86ebea5b4140c737cc826205956a0f627d9a9f3dec0521105186460dde600773,f18cc54ef8a3ba4c2a230deb4df7782b15022cb5cccbaa93f8b524910986476e,443,54922,TCP,101
1747810215.635292,86ebea5b4140c737cc826205956a0f627d9a9f3dec0521105186460dde600773,f18cc54ef8a3ba4c2a230deb4df7782b15022cb5cccbaa93f8b524910986476e,443,54922,TCP,101
1747810215.635369,f18cc54ef8a3ba4c2a230deb4df7782b15022cb5cccbaa93f8b524910986476e,86ebea5b4140c737cc826205956a0f627d9a9f3dec0521105186460dde600773,54922,443,TCP,66
1747810215.63538,f18cc54ef8a3ba4c2a230deb4df7782b15022cb5cccbaa93f8b524910986476e,86ebea5b4140c737cc826205956a0f627d9a9f3dec0521105186460dde600773,54922,443,TCP,66
1747810215.96349,86ebea5b4140c737cc826205956a0f627d9a9f3dec0521105186460dde600773,f18cc54ef8a3ba4c2a230deb4df7782b15022cb5cccbaa93f8b524910986476e,443,54922,TCP,147
1747810215.963515,f18cc54ef8a3ba4c2a230deb4df7782b15022cb5cccbaa93f8b524910986476e,86ebea5b4140c737cc826205956a0f627d9a9f3dec0521105186460dde600773,54922,443,TCP,66
1747810220.549045,f18cc54ef8a3ba4c2a230deb4df7782b15022cb5cccbaa93f8b524910986476e,86ebea5b4140c737cc826205956a0f627d9a9f3dec0521105186460dde600773,54922,443,TCP,425
1747810220.565288,f18cc54ef8a3ba4c2a230deb4df7782b15022cb5cccbaa93f8b524910986476e,86ebea5b4140c737cc826205956a0f627d9a9f3dec0521105186460dde600773,54922,443,TCP,97
1747810220.601601,86ebea5b4140c737cc826205956a0f627d9a9f3dec0521105186460dde600773,f18cc54ef8a3ba4c2a230deb4df7782b15022cb5cccbaa93f8b524910986476e,443,54922,TCP,66
1747810221.015616,86ebea5b4140c737cc826205956a0f627d9a9f3dec0521105186460dde600773,f18cc54ef8a3ba4c2a230deb4df7782b15022cb5cccbaa93f8b524910986476e,443,54922,TCP,147
1747810221.015644,f18cc54ef8a3ba4c2a230deb4df7782b15022cb5cccbaa93f8b524910986476e,86ebea5b4140c737cc826205956a0f627d9a9f3dec0521105186460dde600773,54922,443,TCP,66
1747810221.949601,f18cc54ef8a3ba4c2a230deb4df7782b15022cb5cccbaa93f8b524910986476e,362d648dcb0321843da5505d6bf2050885111a85aa90b2ef5dd8224dff59b651,37352,3478,UDP,162
1747810221.967643,362d648dcb0321843da5505d6bf2050885111a85aa90b2ef5dd8224dff59b651,f18cc54ef8a3ba4c2a230deb4df7782b15022cb5cccbaa93f8b524910986476e,3478,37352,UDP,106
1747810225.550253,f18cc54ef8a3ba4c2a230deb4df7782b15022cb5cccbaa93f8b524910986476e,86ebea5b4140c737cc826205956a0f627d9a9f3dec0521105186460dde600773,54922,443,TCP,426
1747810225.550862,f18cc54ef8a3ba4c2a230deb4df7782b15022cb5cccbaa93f8b524910986476e,86ebea5b4140c737cc826205956a0f627d9a9f3dec0521105186460dde600773,54922,443,TCP,97
1747810225.686778,86ebea5b4140c737cc826205956a0f627d9a9f3dec0521105186460dde600773,f18cc54ef8a3ba4c2a230deb4df7782b15022cb5cccbaa93f8b524910986476e,443,54922,TCP,66
1747810225.921897,86ebea5b4140c737cc826205956a0f627d9a9f3dec0521105186460dde600773,f18cc54ef8a3ba4c2a230deb4df7782b15022cb5cccbaa93f8b524910986476e,443,54922,TCP,147
1747810225.921958,f18cc54ef8a3ba4c2a230deb4df7782b15022cb5cccbaa93f8b524910986476e,86ebea5b4140c737cc826205956a0f627d9a9f3dec0521105186460dde600773,54922,443,TCP,66
1747810226.634823,f18cc54ef8a3ba4c2a230deb4df7782b15022cb5cccbaa93f8b524910986476e,dc765a22470ddc1e8c65d645a47bdbb10ac9a84c1a34dd0fbae0cea9b85e63c3,50890,1900,UDP,214
1747810227.634974,f18cc54ef8a3ba4c2a230deb4df7782b15022cb5cccbaa93f8b524910986476e,dc765a22470ddc1e8c65d645a47bdbb10ac9a84c1a34dd0fbae0cea9b85e63c3,50890,1900,UDP,214
1747810228.635751,f18cc54ef8a3ba4c2a230deb4df7782b15022cb5cccbaa93f8b524910986476e,dc765a22470ddc1e8c65d645a47bdbb10ac9a84c1a34dd0fbae0cea9b85e63c3,50890,1900,UDP,214
1747810229.63619,f18cc54ef8a3ba4c2a230deb4df7782b15022cb5cccbaa93f8b524910986476e,dc765a22470ddc1e8c65d645a47bdbb10ac9a84c1a34dd0fbae0cea9b85e63c3,50890,1900,UDP,214
1747810230.548885,f18cc54ef8a3ba4c2a230deb4df7782b15022cb5cccbaa93f8b524910986476e,86ebea5b4140c737cc826205956a0f627d9a9f3dec0521105186460dde600773,54922,443,TCP,426
1747810230.552716,f18cc54ef8a3ba4c2a230deb4df7782b15022cb5cccbaa93f8b524910986476e,86ebea5b4140c737cc826205956a0f627d9a9f3dec0521105186460dde600773,54922,443,TCP,97
1747810230.645316,86ebea5b4140c737cc826205956a0f627d9a9f3dec0521105186460dde600773,f18cc54ef8a3ba4c2a230deb4df7782b15022cb5cccbaa93f8b524910986476e,443,54922,TCP,101
1747810230.645316,86ebea5b4140c737cc826205956a0f627d9a9f3dec0521105186460dde600773,f18cc54ef8a3ba4c2a230deb4df7782b15022cb5cccbaa93f8b524910986476e,443,54922,TCP,101
1747810230.645343,f18cc54ef8a3ba4c2a230deb4df7782b15022cb5cccbaa93f8b524910986476e,86ebea5b4140c737cc826205956a0f627d9a9f3dec0521105186460dde600773,54922,443,TCP,66
1747810230.645356,f18cc54ef8a3ba4c2a230deb4df7782b15022cb5cccbaa93f8b524910986476e,86ebea5b4140c737cc826205956a0f627d9a9f3dec0521105186460dde600773,54922,443,TCP,66
1747810230.686156,86ebea5b4140c737cc826205956a0f627d9a9f3dec0521105186460dde600773,f18cc54ef8a3ba4c2a230deb4df7782b15022cb5cccbaa93f8b524910986476e,443,54922,TCP,66
1747810230.934676,86ebea5b4140c737cc826205956a0f627d9a9f3dec0521105186460dde600773,f18cc54ef8a3ba4c2a230deb4df7782b15022cb5cccbaa93f8b524910986476e,443,54922,TCP,147
1747810230.934718,f18cc54ef8a3ba4c2a230deb4df7782b15022cb5cccbaa93f8b524910986476e,86ebea5b4140c737cc826205956a0f627d9a9f3dec0521105186460dde600773,54922,443,TCP,66
